url,created_at,text,media_url_0,media_url_1,media_url_2,media_url_3
https://x.com/_/status/1809180481000456597,2024/07/05 11:00:14,"ì™€ í•˜ë‚˜ë„ ì•ˆ ë¬´ì„­ë„¤
(ì˜¤ëŠ˜ì€ ì—„ë§ˆë‘ ìì•¼ì§€)

ê³µí¬ ë§¤ë‹ˆì•„ ë¯¼ì£¼ì˜ ë°¤ğŸ‘»
(https://t.co/DBQveXx2HD) 

#ILLIT #ì•„ì¼ë¦¿",,,,
https://x.com/_/status/1808136273196114258,2024/07/02 13:50:55,"[#DAILY_IT]
240702 @ í•œë¸”ë¦¬ (í•œë¬¸ì² ì˜ ë¸”ë™ë°•ìŠ¤ ë¦¬ë·°)

#ILLIT #ì•„ì¼ë¦¿ #YUNAH #ìœ¤ì•„ https://t.co/0qniD5kyO7",https://pbs.twimg.com/media/GRfJzqOagAADymt.jpg,,,
https://x.com/_/status/1808093306938970429,2024/07/02 11:00:11,"ì¶©ê²© ì‹¤í™” ê³¼ì  ì…ê³  ë¬´ëŒ€í•˜ëŠ” ì•„ì¼ë¦¿ ì‹¤ì¡´

ì²« ëŒ€í•™ ì¶•ì œ ë¹„í•˜ì¸ë“œğŸ«
(https://t.co/WL7jmwfSoX) 

#ILLIT #ì•„ì¼ë¦¿",,,,
https://x.com/_/status/1807746029460337007,2024/07/01 12:00:14,"[SUPER ILLIT] EP.1
PART1 ì™„ë²½í•œ ì˜ˆëŠ¥ì§±ì´ ë˜ëŠ” ë°©ë²•  
(https://t.co/QJI7RntsuM)

#ILLIT #ì•„ì¼ë¦¿ #SUPER_ILLIT",,,,
https://x.com/_/status/1807247898331275396,2024/06/30 03:00:50,"ë°ë·” ì•¨ë²” ì œì‘ê¸° ë¯¸ê³µê°œ í´ë¦½ ğŸ“¼
ë°ë·” ì „ ê°ì˜¤ë¥¼ ë‹¤ì§€ëŠ” ì•„ì¼ë¦¿
(https://t.co/UZzRhlb7I1)

#ILLIT #ì•„ì¼ë¦¿ #SUPER_REAL_ILLIT",,,,
https://x.com/_/status/1807247863430463822,2024/06/30 03:00:42,"ë°ë·” ì•¨ë²” ì œì‘ê¸° ë¯¸ê³µê°œ í´ë¦½ ğŸ“¼
ë¡œê³  ê³µê°œì— í–‰ë³µí•´í•˜ëŠ” ë¶•ë°© ê°•ì¥ë“¤
(https://t.co/b1kmRzoC5e)

#ILLIT #ì•„ì¼ë¦¿ #SUPER_REAL_ILLIT",,,,
https://x.com/_/status/1807247819721584802,2024/06/30 03:00:31,"ë°ë·” ì•¨ë²” ì œì‘ê¸° ë¯¸ê³µê°œ í´ë¦½ ğŸ“¼
ìŠ¤ì¼€ì¼ì´ ì ì  ì»¤ì§€ëŠ” ì•„ì¼ë¦¿ì˜ ìƒìƒ
(https://t.co/gpPXIONyWu)

#ILLIT #ì•„ì¼ë¦¿ #SUPER_REAL_ILLIT",,,,
https://x.com/_/status/1807006160417116321,2024/06/29 11:00:15,"ì¼ë³¸ì— ì²˜ìŒ ì˜¨ ë©¤ë²„ë“¤
ì„ ê·€ì—¬ì›Œ í•˜ëŠ” ë©¤ë²„ë“¤
ì„ ê·€ì—¬ì›Œ í•˜ëŠ” ë‚˜

ì²« ì¼ë³¸ í™œë™ ë¹„í•˜ì¸ë“œğŸ‡¯ğŸ‡µ
(https://t.co/bIzACkgJTD) 

#ILLIT #ì•„ì¼ë¦¿",,,,
https://x.com/_/status/1806643780780691479,2024/06/28 11:00:17,"ë¯¼ì£¼ì™€ ìœ¤ì•„ì˜ ì–¼ë ëš±ë•…(?) ë² ì´í‚¹
ã„´ í•˜ì§€ë§Œ ë§›ìˆì£ ?

[LOG-IT] íœ˜ë‚­ì‹œì— í™ˆë² ì´í‚¹ ë¸Œì´ë¡œê·¸ğŸ¥§
(https://t.co/SnEvsScAPO) 

#ILLIT #ì•„ì¼ë¦¿
#MINJU #ë¯¼ì£¼ #YUNAH #ìœ¤ì•„",,,,
https://x.com/_/status/1806281507885273573,2024/06/27 11:00:45,"ë°ë·” ì•¨ë²” ì œì‘ê¸° ë¯¸ê³µê°œ í´ë¦½ ğŸ“¼
ì•„ì¼ë¦¿ ëˆˆ ëœ¨ë©´ ë‚˜ë‘ ì‚¬ê·€ëŠ” ê±°ë‹¤
(https://t.co/FmIbAdv3aS)

#ILLIT #ì•„ì¼ë¦¿ #SUPER_REAL_ILLIT",,,,
https://x.com/_/status/1806281438310101382,2024/06/27 11:00:28,"ë°ë·” ì•¨ë²” ì œì‘ê¸° ë¯¸ê³µê°œ í´ë¦½ ğŸ“¼
ì¹´ë””ë¹„ ë©ì´ í¬ê·¼í•´ì§€ëŠ” ë§¤ì§
(https://t.co/Ro6UNS0dcO)

#ILLIT #ì•„ì¼ë¦¿ #MINJU #ë¯¼ì£¼ #SUPER_REAL_ILLIT",,,,
https://x.com/_/status/1806251210539962402,2024/06/27 09:00:21,"[NOTICE] 
ì•„ì¼ë¦¿(ILLIT) ì›í¬ ì»¨ë””ì…˜ ë° ìŠ¤ì¼€ì¤„ ê´€ë ¨ ì¶”ê°€ ì•ˆë‚´ (+ENG/JPN)
https://t.co/lWQNBZj56A",,,,
https://x.com/_/status/1805616988104085693,2024/06/25 15:00:11,"HAPPY BIRTHDAY TO WONHEEğŸ‚
ì›í¬ ìƒì¼ ì¶•í•˜í•´ğŸˆ

#HAPPY_WONHEE_DAY
#ILLIT #ì•„ì¼ë¦¿ #WONHEE #ì›í¬ https://t.co/AtdtJhSuNz",https://video.twimg.com/ext_tw_video/1805615144204222465/pu/vid/avc1/1080x1920/4kX1yKCek9qoiNxB.mp4?tag=14,,,
https://x.com/_/status/1805209346818933091,2024/06/24 12:00:22,"[SUPER ILLIT] TEASER
(https://t.co/WKPyn66m9K)

#ILLIT #ì•„ì¼ë¦¿ #SUPER_ILLIT",,,,
https://x.com/_/status/1805194287782805559,2024/06/24 11:00:31,"ì•„ê¸°ê°€ ìš¸ì§€ë„ ì•Šê³ 
MC ì—°ìŠµì„ ì˜ í•˜ë„¤ìš”

ì´ë¡œí•˜ì˜ ìŒì•… ë°©ì†¡ MC ì˜ˆí–‰ ì—°ìŠµğŸ¤ 
(https://t.co/EhpX0Cso1B)

#ILLIT #ì•„ì¼ë¦¿ #IROHA #ì´ë¡œí•˜",,,,
https://x.com/_/status/1804469453763322105,2024/06/22 11:00:17,"ì•„ì¼ë¦¿ ë°ë·” ì•¨ë²” ì œì‘ê¸°ğŸ¥
â€˜SUPER REAL ILLITâ€™ EP.03
(https://t.co/0HFihACRwD)

#ILLIT #ì•„ì¼ë¦¿ #SUPER_REAL_ME #SUPER_REAL_ILLIT",,,,
https://x.com/_/status/1803744700433854932,2024/06/20 11:00:23,"ì•„ì¼ë¦¿ ë°ë·” ì•¨ë²” ì œì‘ê¸°ğŸ¥
â€˜SUPER REAL ILLITâ€™ EP.02
(https://t.co/VecMnzcDXq)

#ILLIT #ì•„ì¼ë¦¿ #SUPER_REAL_ME #SUPER_REAL_ILLIT",,,,
https://x.com/_/status/1803019907061395937,2024/06/18 11:00:18,"ì•„ì¼ë¦¿ì˜ ë°ë·” ì—¬ì •ì„ ë‹´ì€ ê¸°ë¡ğŸ¥
â€˜SUPER REAL ILLITâ€™ EP.01
(https://t.co/djcO6LA4G4)

#ILLIT #ì•„ì¼ë¦¿ #SUPER_REAL_ME #SUPER_REAL_ILLIT",,,,
https://x.com/_/status/1802657555958931683,2024/06/17 11:00:27,"'SUPER REAL ILLIT' TEASER 1
(https://t.co/bhbwhvrnTO)

'SUPER REAL ILLIT' TEASER 2
(https://t.co/zmOTN4rO8q)

#ILLIT #ì•„ì¼ë¦¿ #SUPER_REAL_ME #SUPER_REAL_ILLIT",,,,
https://x.com/_/status/1801961289033637960,2024/06/15 12:53:44,"[#DAILY_IT]
ì•„ì¼ë¦¿ì˜ ì²« ìœ„ë²„ìŠ¤ì½˜ ë¬´ëŒ€ğŸ’• ë„ˆë¬´ ë–¨ë ¸ì–´ìš”!
í•¨ê»˜í•´ì£¼ì‹  íŒ¬ ì—¬ëŸ¬ë¶„ ê°ì‚¬í•©ë‹ˆë‹¤ğŸ«¶ğŸ»

240615 @ 2024 Weverse Con Festival
#ILLIT #ì•„ì¼ë¦¿ https://t.co/xieNRuedAd",https://pbs.twimg.com/media/GQHZgeeboAAdHnG.jpg,https://pbs.twimg.com/media/GQHZhKOaUAA7jwl.jpg,,
https://x.com/_/status/1801449528819859916,2024/06/14 03:00:11,"[NOTICE]
ì•„ì¼ë¦¿(ILLIT) ì›í¬ ì»¨ë””ì…˜ ë° ìŠ¤ì¼€ì¤„ ê´€ë ¨ ì•ˆë‚´ (+ENG)
https://t.co/2yXuVegwgN",,,,
https://x.com/_/status/1801207950251593891,2024/06/13 11:00:14,"ë“œë””ì–´ ë–´ë‹¤â€¦
ìì¹­ ì½”ë• ì›í¬ê°€ ì•Œë ¤ì£¼ëŠ” í˜ìŠ¤í‹°ë²Œ ë©”ì´í¬ì—…

ì›í¬ì˜ í˜ìŠ¤í‹°ë²Œ ë©”ì´í¬ì—… GRWMğŸ€
(https://t.co/h9S27hoAs2)

#ILLIT #ì•„ì¼ë¦¿ #WONHEE #ì›í¬ #GRWM",,,,
https://x.com/_/status/1800845590194258310,2024/06/12 11:00:21,"ì‚¬ëŒì¡°ì•„ ê²‰ëƒ¥ì†ëŒ•ğŸ± VS í˜¼ìì¡°ì•„ ê²‰ëŒ•ì†ëƒ¥ğŸ¶

10ë¶„ ë…¼ìŸ EP.04
(https://t.co/wOooXKvapd)

#ILLIT #ì•„ì¼ë¦¿",,,,
https://x.com/_/status/1800156187423547563,2024/06/10 13:20:55,"[#DAILY_IT]
ë†€ë¼ì›€ì´ ê°€ë“í–ˆë˜ ëœì„  ì—¬í–‰ì—
ì´ˆëŒ€í•´ ì£¼ì…”ì„œ ê°ì‚¬í•©ë‹ˆë‹¤!ğŸ¥°

240610 @ í†¡íŒŒì› 25ì‹œ
#ILLIT #ì•„ì¼ë¦¿
#ë¯¼ì£¼ #MINJU #ëª¨ì¹´ #MOKA https://t.co/0BJSjdWgY8",https://pbs.twimg.com/media/GPtwBwdaYAAyTg3.jpg,,,
https://x.com/_/status/1800075488049910208,2024/06/10 08:00:14,"[NOTICE]
ì•„í‹°ìŠ¤íŠ¸ ê¶Œìµ ì¹¨í•´ ê´€ë ¨ ë²•ì  ëŒ€ì‘ í˜„í™© ë° ì œë³´ ë°©ë²• ì•ˆë‚´ (06.10) (+ENG)
https://t.co/jGTePSzd6Q",,,,
https://x.com/_/status/1799729598374252582,2024/06/09 09:05:48,"[VIDEO] 
#ILLIT (#ì•„ì¼ë¦¿) - Magnetic @ K-WAVE CONCERT ì¸ê¸°ê°€ìš”

(https://t.co/V8PpcztBk3)",,,,
https://x.com/_/status/1799396016367751576,2024/06/08 11:00:16,"ì—¬ëŸ¬ë¶„ ì ê¹ ì—¬ê¸¸ ë´ì£¼ì‹œê² ì–´ìš”? 

  ã€€âˆ§âˆ§ã€€  ğŸª„
ã€€(ï¼¾Ï‰ï¼¾)ï¼ã€€   
ã€€ï¼œã€€ã€€/
ã€€ã€€âˆªâˆª

â€œì´ì œë¶€í„° ì´ê³³ì€ í”„ë‘ìŠ¤ íŒŒë¦¬ì…ë‹ˆë‹¤.â€

[LOG-IT] ë¦¬í‹€ íŒŒë¦¬ğŸ‡«ğŸ‡· ì„œë˜ë§ˆì„ ë¸Œì´ë¡œê·¸
(https://t.co/jXJPPGY8Vw) 

#ILLIT #ì•„ì¼ë¦¿
#MOKA #ëª¨ì¹´ #WONHEE #ì›í¬",,,,
https://x.com/_/status/1798308908597125482,2024/06/05 11:00:29,"í•¨ê»˜ í•´ì£¼ì‹  ëª¨ë“  ë¶„ë“¤
ì •ë§ ê°ì‚¬ë“œë¦½ë‹ˆë‹¤ğŸ«¶

ë¯¸ë‹ˆ1ì§‘ â€˜SUPER REAL MEâ€™ ì±Œë¦°ì§€ ë¹„í•˜ì¸ë“œ
(https://t.co/lfqGVGSR8o) 

#ILLIT #ì•„ì¼ë¦¿
#SUPER_REAL_ME #Magnetic #LuckyGirlSyndrome",,,,
https://x.com/_/status/1797244273286680727,2024/06/02 12:30:00,"[#DAILY_IT] 
6ì›”ì—ë„ ì—¬ëŸ¬ë¶„ë“¤ê³¼ í•¨ê»˜í•  ìˆ˜ ìˆì–´ì„œ Super LuckyğŸ€

240602 @ K-WAVE CONCERT ì¸ê¸°ê°€ìš”
#ILLIT #ì•„ì¼ë¦¿ https://t.co/MvN89SagoB",https://pbs.twimg.com/media/GPEVrNlaIAEaiUL.jpg,,,
https://x.com/_/status/1796776210762289181,2024/06/01 05:30:05,"[EVENT] 
240602 K-WAVE CONCERT ì¸ê¸°ê°€ìš” ì°¸ì—¬ ì‹ ì²­ ì•ˆë‚´ (+ì¶”ê°€ ë‹¹ì²¨ì ì•ˆë‚´) 

(https://t.co/XWi5ScnQfV) 

 #ILLIT #ì•„ì¼ë¦¿",,,,
https://x.com/_/status/1796481853618376859,2024/05/31 10:00:25,"[Behind Cut ğŸ“¸] 
ILLIT (ì•„ì¼ë¦¿) 'Lucky Girl Syndrome' MV Film Photos

(https://t.co/gceGBZZ9Ns)

#ILLIT #ì•„ì¼ë¦¿ 
#SUPER_REAL_ME #LuckyGirlSyndrome",,,,
https://x.com/_/status/1796126933086027822,2024/05/30 10:30:05,"[EVENT]
240602 K-WAVE CONCERT ì¸ê¸°ê°€ìš” ì°¸ì—¬ ì•ˆë‚´

(https://t.co/XWi5ScnQfV)

#ILLIT #ì•„ì¼ë¦¿",,,,
https://x.com/_/status/1795772137325891987,2024/05/29 11:00:16,"ì•„ì¼ë¦¿ ìŒë°© í™œë™ ëë‚¬ë‹¤ê³ ?
ë‚´ ì„¸ìƒì´ ë¬´ë„ˆì¡Œì–´â€¦
ã„´ ì´ê±° ë³´ê³  ë‹¤ì‹œ ì„¸ì›Œ

ìŒì•… ë°©ì†¡ ë¹„í•˜ì¸ë“œ EP.03
(https://t.co/TrmpXe8J6m)

#ILLIT #ì•„ì¼ë¦¿
#SUPER_REAL_ME #LuckyGirlSyndrome",,,,
https://x.com/_/status/1795017520363041156,2024/05/27 09:01:41,"ILLIT In TokyoğŸ’ #ILLIT #ì•„ì¼ë¦¿ #AcneStudios

(https://t.co/y3mIY4HNRi)",,,,
https://x.com/_/status/1794365301670510793,2024/05/25 13:50:00,"[#DAILY_IT]
í˜•ë‹˜ë“¤ê³¼ í–‰ë³µí–ˆë˜ ë´„ ì†Œí’!ğŸ–
ì •ë§ ê¿ˆê°™ì€ ì‹œê°„ì´ì—ˆì–´ìš”ğŸ’•

240525 @ ì•„ëŠ” í˜•ë‹˜
#ILLIT #ì•„ì¼ë¦¿ https://t.co/Gsv1eHNq3H",https://pbs.twimg.com/media/GObc8s3aoAE8Tvs.jpg,,,
https://x.com/_/status/1794322586039693566,2024/05/25 11:00:16,"ë§› í‘œí˜„ê¹Œì§€ ì—°ìŠµí•˜ëŠ” ì•„ì¼ë¦¿
ì´ê²ƒì´ ì‹ ì¸ì˜ ë§›?ğŸ˜‹(ë‹¬ë‹¤)

ë°ë·” ì „ ì²« ì˜ˆëŠ¥ ì´¬ì˜ ë¹„í•˜ì¸ë“œ
(https://t.co/ufkB1PvMab) 

#ILLIT #ì•„ì¼ë¦¿
#ì‹ ìƒì¶œì‹œí¸ìŠ¤í† ë‘",,,,
https://x.com/_/status/1794299871538950456,2024/05/25 09:30:00,"[#DAILY_IT]
ì•„ì¹´ë¼ì¹´ ì •ë§ ì¬ë°Œì—ˆì–´ìš”ğŸ¦…
ì‚¬ë‘í•œë‹¤ ì—°ì„¸ğŸ’™

240525 @ ì—°ì„¸ëŒ€í•™êµ
#ILLIT #ì•„ì¼ë¦¿ https://t.co/WBj0xTm6fN",https://pbs.twimg.com/media/GOahYzwbUAAWlUd.jpg,https://pbs.twimg.com/media/GOahaCuaIAA-DT9.jpg,,
https://x.com/_/status/1793646817495699787,2024/05/23 14:15:00,"[#DAILY_IT]
í•œë‚¨ëŒ€ì— ìŠˆí¼ ì´ëŒë¦¼â¤
ì‘ì›í•´ ì£¼ì…”ì„œ ê°ì‚¬í•©ë‹ˆë‹¤!

240523 @ í•œë‚¨ëŒ€í•™êµ
#ILLIT #ì•„ì¼ë¦¿ https://t.co/FVHrsz48J2",https://pbs.twimg.com/media/GORPjLAbgAAe5Im.jpg,,,
https://x.com/_/status/1793597787457913263,2024/05/23 11:00:10,"ëˆ„ê°€ ìŠ¤í‹°ì»¤ ì‚°ë‹¤ê³  ìš©ëˆì„ ë‹¤ íƒ•ì§„í•¨?
ì›í¬: ì•ˆë…•í•˜ì„¸ìš” â€˜ëˆ„' ì…ë‹ˆë‹¤.

ì›í¬ì˜ Whatâ€™s In My BagğŸ‘œ
(https://t.co/ZlYRdaVpjC)

#ILLIT #ì•„ì¼ë¦¿ #WONHEE #ì›í¬
#WhatsInMyBag",,,,
https://x.com/_/status/1793582680271183895,2024/05/23 10:00:08,"[Behind Cut ğŸ“¸] 
ILLIT (ì•„ì¼ë¦¿) Weverse Magazine Photo Shoot

(https://t.co/a7u1xNVGbD)

#ILLIT #ì•„ì¼ë¦¿",,,,
https://x.com/_/status/1793553519125098505,2024/05/23 08:04:16,"[NOTICE] 
ì•„ì¼ë¦¿(ILLIT) ì›í¬ ì»¨ë””ì…˜ ë° ìŠ¤ì¼€ì¤„ ê´€ë ¨ ì•ˆë‚´
https://t.co/HQm4uZxM6O",,,,
https://x.com/_/status/1792915871091794089,2024/05/21 13:50:29,"[#DAILY_IT]
ê³ ëŒ€! ì• ë‹ˆë©€ ì‚¬ìš´ë“œ ë°œì‚¬!!ğŸ¯
ìŠˆí¼ ë¦¬ì–¼ ì¦ê±°ì› ìŠµë‹ˆë‹¤â¤ ê³ ë ¤ëŒ€ ì§±ì´ì§€ğŸ‘

240521 @ ê³ ë ¤ëŒ€í•™êµ
#ILLIT #ì•„ì¼ë¦¿ https://t.co/2KR3sRWqQ1",https://pbs.twimg.com/media/GOG2nmEWwAERsTO.jpg,https://pbs.twimg.com/media/GOG2ofVXMAIhc9y.jpg,,
https://x.com/_/status/1792510661102309784,2024/05/20 11:00:19,"ILLIT (ì•„ì¼ë¦¿) KCON JAPAN 2024 â€˜What is Love?â€™ Dance Practice (ì›ê³¡: TWICE)

(https://t.co/3DsOkrG0l3)

#ILLIT #ì•„ì¼ë¦¿
#KCON",,,,
https://x.com/_/status/1791695235577426354,2024/05/18 05:00:06,"[Behind Cut ğŸ“¸]
ILLIT (ì•„ì¼ë¦¿) 'SUPER REAL ME' Mini fan-meeting Photos

(https://t.co/IoUnnGlolo)

#ILLIT #ì•„ì¼ë¦¿
#SUPER_REAL_ME",,,,
https://x.com/_/status/1790698758650597777,2024/05/15 11:00:28,"ëˆˆ ê¹œë¹¡ ğŸ™ˆğŸ‘€1ìœ„
ëˆˆ ê¹œë¹¡ ğŸ™ˆğŸ‘€ë§‰ë°©

ìŒì•… ë°©ì†¡ ë¹„í•˜ì¸ë“œ EP.02
(https://t.co/fy7OgMu52s) 

#ILLIT #ì•„ì¼ë¦¿
#Magnetic #SUPER_REAL_ME",,,,
https://x.com/_/status/1789981636303675421,2024/05/13 11:30:53,"Want to know best K-Pop tracks making the rounds online? 
@AppleMusic launches â€œViral K-Popâ€ playlist with celebration of successful debut of @ILLIT_official. 
Enjoy Magnetic in #SpatialAudio on @AppleMusic. 

ğŸ§²  https://t.co/lgojLqAknY
ğŸ’¿  https://t.co/w3o0kC85zd

#ILLIT #ì•„ì¼ë¦¿
#SUPER_REAL_ME #Magnetic",https://pbs.twimg.com/media/GNdI2GIawAAPxmO.jpg,,,
https://x.com/_/status/1789626588889587752,2024/05/12 12:00:03,"[#DAILY_IT]
ì•„ì¼ë¦¿ì€ KCONì—ê²Œ ìŠˆí¼ ì´ëŒë¦¼~
ê¿ˆê¿”ì™”ë˜ ë¬´ëŒ€ì—ì„œ ì—¬ëŸ¬ë¶„ì„ ë§Œë‚˜ í•˜ëŠ˜ì„ ë‚˜ëŠ” ê²ƒ ê°™ì•˜ì–´ìš” â˜

240512 @ KCON JAPAN 2024
#ILLIT #ì•„ì¼ë¦¿ #KCON https://t.co/P1JzMaSCSB",https://pbs.twimg.com/media/GNYGNVLaUAA44--.jpg,https://pbs.twimg.com/media/GNYGOX8bIAAMqA2.jpg,,
https://x.com/_/status/1788947122089529667,2024/05/10 15:00:05,"HAPPY BIRTHDAY TO MINJUğŸ‚
ë¯¼ì£¼ ìƒì¼ ì¶•í•˜í•´ğŸ‰

#HAPPY_MINJU_DAY
#ILLIT #ì•„ì¼ë¦¿ #MINJU #ë¯¼ì£¼ https://t.co/2rmdOhtBr8",https://video.twimg.com/ext_tw_video/1788941662716366848/pu/vid/avc1/1080x1920/6TR8KuZi3hMfbh1L.mp4?tag=14,,,
https://x.com/_/status/1788886754264752284,2024/05/10 11:00:12,"ì´ë ‡ê²Œ ê·€ì—¬ìš´ ASMR ë³´ì…¨ì–´ìš”?
ë‹¹ì—°íˆ ëª» ë³´ì…¨ê² ì£  ì§€ê¸ˆ ê³µê°œëìœ¼ë‹ˆê¹Œìš”.ğŸ˜

ë¸Œëœë“œ í•„ë¦„ ì´¬ì˜ ì‰¬ëŠ”ì‹œê°„ğŸ™ï¸
(https://t.co/g3kws4xQoL)

#ILLIT #ì•„ì¼ë¦¿
#SUPER_REAL_ME",,,,
https://x.com/_/status/1788871640643981630,2024/05/10 10:00:09,"[Behind Cut ğŸ“¸] 
ILLIT (ì•„ì¼ë¦¿) 'Magnetic' MV Film Photos

(https://t.co/1KQj3BN3lE)

#ILLIT #ì•„ì¼ë¦¿ 
#SUPER_REAL_ME #Magnetic",,,,
https://x.com/_/status/1788555771263021106,2024/05/09 13:05:00,"[#DAILY_IT]
í•œêµ­ì™¸ëŒ€ì— ì•„ì¼ë¦¿ ê½ƒì´ í”¼ì—ˆìŠµë‹ˆë‹¤ğŸŒ¸
ì²« ëŒ€í•™ ì¶•ì œ ë„ˆë¬´ ì¬ë°Œì—ˆì–´ìš”!! ì´ˆëŒ€í•´ ì£¼ì…”ì„œ ê°ì‚¬í•©ë‹ˆë‹¤ğŸ’—

240509 @ í•œêµ­ì™¸êµ­ì–´ëŒ€í•™êµ
#ILLIT #ì•„ì¼ë¦¿ https://t.co/2IgPrhp4eT",https://pbs.twimg.com/media/GNI5OT3boAEpKFD.jpg,,,
https://x.com/_/status/1788494153426579857,2024/05/09 09:00:09,"[EVENT] 
ì•„ì¼ë¦¿ íŒ¬ ì½˜í…ì¸  ì‚¬ì—° ëª¨ì§‘ ì•ˆë‚´

(https://t.co/2YpmLAbx05)

#ILLIT #ì•„ì¼ë¦¿",,,,
https://x.com/_/status/1788161942617817507,2024/05/08 11:00:04,"ì†ë³´) ì•„ì¼ë¦¿ í˜•ì œ ê´€ê³„ ëœ¸
ì˜¤ë¹ ? ã„´ã„´ğŸ™…ğŸ»â€â™€ï¸ì—„ë§ˆì•„ë“¤ ã…‡ã…‡ ğŸ™†ğŸ»â€â™€ï¸

10ë¶„ ë…¼ìŸ EP.03
(https://t.co/rKHWOc7FcK)

#ILLIT #ì•„ì¼ë¦¿",,,,
https://x.com/_/status/1786712384482205996,2024/05/04 11:00:02,"[Behind Cut ğŸ“¸] 
ILLIT (ì•„ì¼ë¦¿) DEBUT SHOW [ILLIT : I'LL (SHOW) IT]

(https://t.co/zMxuGgLPSY)

#ILLIT #ì•„ì¼ë¦¿ 
#SUPER_REAL_ME #Magnetic #LuckyGirlSyndrome #MyWorld #MidnightFiction",,,,
https://x.com/_/status/1785625339986936112,2024/05/01 11:00:31,"ì•„ì¼ë¦¿ ì–´ë””ê°€ìš”? ì¸ê¸°ê°€ìš” ë§¤ì ê°€ìš”!

ì¸ê¸°ê°€ìš” ë§¤ì  ë°©ë¬¸ê¸°ğŸ´
(https://t.co/8kPsPW6t5K)

#ILLIT #ì•„ì¼ë¦¿
#Magnetic #SUPER_REAL_ME",,,,
https://x.com/_/status/1784527981156970827,2024/04/28 10:20:00,"[#DAILY_IT]
ì—´ë¦°ìŒì•…íšŒì— ì•„ì¼ë¦¿ì´ ë‚˜ì˜¤ë‹¤ë‹ˆ!
ë©‹ì§„ ë¬´ëŒ€ì—ì„œ ì €í¬ ë…¸ë˜ë¥¼ ë“¤ë ¤ë“œë¦´ ìˆ˜ ìˆì–´ í° ì˜ê´‘ì´ì—ˆìŠµë‹ˆë‹¤ ğŸ§²ğŸ€

240428 @ ì—´ë¦°ìŒì•…íšŒ
#ILLIT #ì•„ì¼ë¦¿
#Magnetic #LuckyGirlSyndrome #SUPER_LUCKY #SUPER_REAL_ME https://t.co/fuH1CtCxdB",https://pbs.twimg.com/media/GMPnBsnaYAAEOXb.jpg,,,
https://x.com/_/status/1784175691195707587,2024/04/27 11:00:07,"ë‚˜ì˜ ìµœì• ê°€ (ë‚˜ë„ ëª»í•œ) ìµœì•  í¬ì¹´
ëŸ­í‚¤ ë“œë¡œìš°ë¥¼ í•œ ë²ˆì— ì„±ê³µí–ˆë‹¤?...ğŸ§

ìœ„ë²„ìŠ¤ìƒµ X ì•„ì¼ë¦¿ ìŠ¤í† ì–´ ë¹„í•˜ì¸ë“œğŸ›ï¸
(https://t.co/Dp7eBrP3Cd) 

#ILLIT #ì•„ì¼ë¦¿
#SUPER_REAL_ME",,,,
https://x.com/_/status/1784039763709681959,2024/04/27 02:00:00,"Hereâ€™s my invitationğŸ’Œ
We are hosting an additional 'SUPER REAL ME' Listening Party @Stationhead  
Tune in and have fun with us ğŸ€

ğŸ“… 04.27 10:30PM KST / 9:30AM EDT
ğŸ“» https://t.co/QRNqO1XxaI  

(*Stationhead log-in &amp; Connect to Spotify or Apple Music account required) https://t.co/hdGu6qXgzE",https://pbs.twimg.com/media/GMGUcEgaMAAG-ed.jpg,,,
https://x.com/_/status/1783795733528990032,2024/04/26 09:50:18,"[VIDEO]
#ILLIT (#ì•„ì¼ë¦¿) - Lucky Girl Syndrome @ ë®¤ì§ë±…í¬

(https://t.co/LXOmedpRft)",,,,
https://x.com/_/status/1783793139276476778,2024/04/26 09:40:00,"[#DAILY_IT]
ì—¬ëŸ¬ë¶„ì˜ ì‘ì›ê³¼ ì‚¬ë‘ìœ¼ë¡œ ì™„ì„±í•œ SUPER REAL ME í™œë™ğŸ€
í•¨ê»˜ë¼ ì •ë§ ê°ì‚¬í•˜ê³  í–‰ë³µí–ˆìŠµë‹ˆë‹¤ğŸ€

240426 @ ë®¤ì§ë±…í¬
#ILLIT #ì•„ì¼ë¦¿
#LuckyGirlSyndrome #SUPER_LUCKY #SUPER_REAL_ME https://t.co/4VnfsRzi5f",https://pbs.twimg.com/media/GMFNKIOaIAAPJ08.jpg,,,
https://x.com/_/status/1783435816666374516,2024/04/25 10:00:07,"ILLIT (ì•„ì¼ë¦¿) â€˜Lucky Girl Syndromeâ€™ Dance Practice

(https://t.co/7mB5TZSgLv)

#ILLIT #ì•„ì¼ë¦¿
#SUPER_REAL_ME #SUPER_LUCKY #LuckyGirlSyndrome",,,,
https://x.com/_/status/1783428235445121120,2024/04/25 09:30:00,"[NOTICE]
#ì•„ì¼ë¦¿ ì´ Mnet ì— ì¹´ìš´íŠ¸ë‹¤ìš´ 1ìœ„ í›„ë³´ì— ì˜¬ëìŠµë‹ˆë‹¤.
#ILLIT is nominated for No.1 on &lt;M COUNTDOWN&gt;

ğŸ“Œ (https://t.co/koXDyAzW3X)",,,,
https://x.com/_/status/1783066992548982917,2024/04/24 09:34:33,"[VIDEO] 
#ILLIT (#ì•„ì¼ë¦¿) - Lucky Girl Syndrome @ ì‡¼! ì±”í”¼ì–¸

(https://t.co/nbNqhHFgDO)",,,,
https://x.com/_/status/1783065898968097074,2024/04/24 09:30:12,"[#DAILY_IT]
ì˜¤ëŠ˜ê°™ì´ ì™„ë²½í•œ ë‚ ì”¨ì— ë”± ë§ëŠ” Lucky Girl SyndromeğŸ€
ì„¤ë ˜ì´ ê³„ì† ì°¨ì˜¤ë¥´ëŠ” ì˜¤ëŠ˜ ì‡¼ ì±”í”¼ì–¸ ë¬´ëŒ€ë„ ì˜ ë³´ì…¨ë‚˜ìš”?

240424 @ ì‡¼! ì±”í”¼ì–¸
#ILLIT #ì•„ì¼ë¦¿
#LuckyGirlSyndrome #SUPER_LUCKY #SUPER_REAL_ME https://t.co/QiAXVSpbQu",https://pbs.twimg.com/media/GL64k24bUAAl3R3.jpg,,,
https://x.com/_/status/1782726142648320447,2024/04/23 11:00:08,"ì¸ì²œê³µí•­ ì²˜ìŒ ì˜¨ ë¶•ë°© ê³ ì–‘ì´ë“¤(ëƒ¥ëƒ¥)ğŸ˜º
ë‹¤ìŒë‚ : ë³¸ì—… ëª¨ë¨¼íŠ¸ ë‚­ë‚­ğŸ˜

[LOG-IT] ëŸ°ë˜ ë¸Œì´ë¡œê·¸ğŸ‡¬ğŸ‡§
(https://t.co/BIlJ5vFYCR)

#ILLIT #ì•„ì¼ë¦¿ 
#LOG_IT #ì•„ì¼ë¦¿ë¸Œì´ë¡œê·¸",,,,
https://x.com/_/status/1782718914138611922,2024/04/23 10:31:25,"[VIDEO] 
#ILLIT (#ì•„ì¼ë¦¿) - Lucky Girl Syndrome @ ë”ì‡¼

(https://t.co/RzDxMr9H7l)",,,,
https://x.com/_/status/1782716041912832497,2024/04/23 10:20:00,"[#DAILY_IT]
ğŸ€ì¶•í•˜í•©ë‹ˆë‹¤ğŸ€
ë‹¹ì‹ ì€ ì•„ì¼ë¦¿ì˜ í–‰ìš´ê°€ë“ ë”ì‡¼ ë¬´ëŒ€ë¥¼ ì„ ë¬¼ ë°›ì•˜ìŠµë‹ˆë‹¤!
ë§¤ì¼ ê¸°ë¶„ ì¢‹ì€ ì¼ë“¤ë§Œ ê°€ë“í•  ê±°ì˜ˆìš”

240423 @ ë”ì‡¼
#ILLIT #ì•„ì¼ë¦¿
#LuckyGirlSyndrome #SUPER_LUCKY #SUPER_REAL_ME https://t.co/fT9zSHE4Wz",https://pbs.twimg.com/media/GL15SLHbgAASEyJ.jpg,,,
https://x.com/_/status/1782698521772364104,2024/04/23 09:10:23,"[NOTICE]
#ì•„ì¼ë¦¿ ì´ SBS M ë”ì‡¼ 1ìœ„ í›„ë³´ì— ì˜¬ëìŠµë‹ˆë‹¤.
#ILLIT is nominated for No.1 on &lt;THE SHOW&gt;

ğŸ“Œ 'ìŠ¤íƒ€ í”Œë˜ë‹›' ì–´í”Œ ì‹¤í–‰
ğŸ“Œ 'ì•„ì¼ë¦¿(ILLIT)' íˆ¬í‘œ",,,,
https://x.com/_/status/1782318652056064132,2024/04/22 08:00:55,"ì™„ë²½í•œğŸŒ ë”±ë§ëŠ”ğŸ¶ #WONHEE #ì›í¬ #MINJU #ë¯¼ì£¼ #ILLIT #ì•„ì¼ë¦¿ #LuckyGirlSyndrome #SUPER_LUCKY #SUPER_REAL_ME

(https://t.co/5wXwWogtGH)",,,,
https://x.com/_/status/1782253403063885836,2024/04/22 03:41:38,"[NOTICE] 
ì•„ì¼ë¦¿(ILLIT) ê³µì‹ íŒ¬í´ëŸ½ëª… ë³€ê²½ ì•ˆë‚´
https://t.co/crVa5OQlQa",,,,
https://x.com/_/status/1782064449660359035,2024/04/21 15:10:48,"[#DAILY_IT]
Lì´ ë“¤ì–´ê°€ëŠ” ë‹¨ì–´ëŠ” ë‹¤ ì•„ë¦„ë‹¤ìš´ ê²ƒ ê°™ì•„ìš”..
Love, Lucky, ILLIT ê·¸ë¦¬ê³ .. ìš°ë¦¬ LILLYsğŸ’
ìš°ë¦´ ì‘ì›í•´ì£¼ëŠ” ë§ì€ ë¦´ë¦¬ì¦ˆ ë•ë¶„ì— ë§ˆìŒì´ ë“ ë“ í•´ì§„ ì•„ì¼ë¦¿ì…ë‹ˆë‹¤ ğŸ«¶ğŸ»
ì•„ì¼ë¦¿ğŸ’—ë¦´ë¦¬ì¦ˆ
ì•ìœ¼ë¡œë„ ë³€í•¨ ì—†ëŠ” ì‚¬ë‘ì„ ë“œë¦´ê²Œìš”!

#ILLIT #ì•„ì¼ë¦¿
#Magnetic  #LuckyGirlSyndrome
#SUPER_LUCKY #SUPER_REAL_ME",https://pbs.twimg.com/media/GLsprzdbEAABjfe.jpg,https://pbs.twimg.com/media/GLsptRJaUAAcBeI.jpg,https://pbs.twimg.com/media/GLspuV_a4AAr0_c.jpg,
https://x.com/_/status/1781978683890135480,2024/04/21 09:30:00,"[Behind Cut ğŸ“¸] 
ILLIT (ì•„ì¼ë¦¿) â€˜Lucky Girl Syndromeâ€™ MV Shoot Sketch

(https://t.co/PeB9jBuQnH)

#ILLIT #ì•„ì¼ë¦¿ 
#LuckyGirlSyndrome #SUPER_LUCKY #SUPER_REAL_ME",,,,
https://x.com/_/status/1781956457380069547,2024/04/21 08:01:41,"â†³â˜‹â˜¾Ï°â˜¿â¡â™—â˜ˆâ†³â“¢â˜¿â™«â——â˜ˆâŠ™â™”â‚¬Â #ILLIT #ì•„ì¼ë¦¿ #LuckyGirlSyndrome #SUPER_LUCKY #SUPER_REAL_ME

(https://t.co/PtoyVLIMJc)",,,,
https://x.com/_/status/1781952393380610516,2024/04/21 07:45:32,"[VIDEO]
#ILLIT (#ì•„ì¼ë¦¿) - Lucky Girl Syndrome @ ì¸ê¸°ê°€ìš”

(https://t.co/PuAG6CgXMR)",,,,
https://x.com/_/status/1781937284277002267,2024/04/21 06:45:30,"[NOTICE]
#ì•„ì¼ë¦¿ ì´ SBS ì¸ê¸°ê°€ìš” 1ìœ„ í›„ë³´ì— ì˜¬ëìŠµë‹ˆë‹¤.
#ILLIT is nominated for No.1 on &lt;Inkigayo&gt;

ğŸ“Œ 'SuperStar X' ì–´í”Œ ì‹¤í–‰
ğŸ“Œ 'ILLIT' íˆ¬í‘œ",,,,
https://x.com/_/status/1781654514174713947,2024/04/20 12:01:52,"#LuckyGirlSyndrome MV btsğŸ“¹Â Â #ILLIT #ì•„ì¼ë¦¿ #SUPER_LUCKY #SUPER_REAL_ME

(https://t.co/vFYrTc4vgJ)",,,,
https://x.com/_/status/1781623848644845898,2024/04/20 10:00:01,"í–‰ìš´ ë¶€ì  ë‚˜ëˆ”ê•¤Ëšâ‚ŠâŠ¹
ì•„ì¼ë¦¿ í–‰ìš´ ë¶€ì  ë¬´ë£Œ ë‚˜ëˆ”í•©ë‹ˆë‹¤ğŸ’—325ì´ˆ ì•ˆì— ì•Œí‹°í•˜ë©´ í–‰ìš´ ë“¤ì–´ì˜´ ğŸ“©

â€˜Lucky Girl Syndromeâ€™ MV ë¹„í•˜ì¸ë“œğŸ€
(https://t.co/KkAZnSuQPB)

#ILLIT #ì•„ì¼ë¦¿
#LuckyGirlSyndrome #SUPER_LUCKY #SUPER_REAL_ME",,,,
https://x.com/_/status/1781601300301611109,2024/04/20 08:30:25,"[#DAILY_IT]
ì˜¤ëŠ˜ì˜ 1ìœ„ë¥¼ ì„ ë¬¼í•´ ì£¼ì‹  íŒ¬ ì—¬ëŸ¬ë¶„ë“¤ ì •ë§ ê°ì‚¬í•©ë‹ˆë‹¤ ğŸ¥‡
ì•„ì¼ë¦¿ì€ í–‰ìš´ ê°€ë“í•œ ë¬´ëŒ€ë¡œ ë³´ë‹µí• ê²Œìš”ğŸ€

240420 @ ì‡¼ìŒì•…ì¤‘ì‹¬
#ILLIT #ì•„ì¼ë¦¿
#Magnetic #LuckyGirlSyndrome
#SUPER_LUCKY #SUPER_REAL_ME https://t.co/EGXj288InX",https://pbs.twimg.com/media/GLmE6zKaEAAYp0g.jpg,https://pbs.twimg.com/media/GLmE6zNaEAAjghE.jpg,,
https://x.com/_/status/1781588748419137760,2024/04/20 07:40:32,"[VIDEO]
#ILLIT (#ì•„ì¼ë¦¿) - Lucky Girl Syndrome @ ì‡¼! ìŒì•…ì¤‘ì‹¬

(https://t.co/CBDXjqnecM)",,,,
https://x.com/_/status/1781571134498206043,2024/04/20 06:30:33,"[NOTICE]
#ì•„ì¼ë¦¿ ì´ MBC ì‡¼! ìŒì•…ì¤‘ì‹¬ 1ìœ„ í›„ë³´ì— ì˜¬ëìŠµë‹ˆë‹¤.
#ILLIT is nominated for No.1 on &lt;Show! Music Core&gt;

ğŸ“Œ 'ë®¤ë¹— Mubeat' ì–´í”Œ ì‹¤í–‰ í›„ 'ì•„ì¼ë¦¿' íˆ¬í‘œ
ğŸ“Œ SMS #0505 ë¡œ 'ì•„ì¼ë¦¿' íˆ¬í‘œ",,,,
https://x.com/_/status/1781548579192291604,2024/04/20 05:00:55,"that's my girlğŸ«µ #IROHA #ì´ë¡œí•˜ #MOKA #ëª¨ì¹´ #ILLIT #ì•„ì¼ë¦¿ #LuckyGirlSyndrome #SUPER_LUCKY #SUPER_REAL_ME

(https://t.co/G8NA07WHOw)",,,,
https://x.com/_/status/1781246569687433433,2024/04/19 09:00:50,"ì„¤ë ˜ì´ 1000%ğŸ’“ #WONHEE #ì›í¬ #ILLIT #ì•„ì¼ë¦¿ #LuckyGirlSyndrome #SUPER_LUCKY #SUPER_REAL_ME

(https://t.co/h3kqWMfoOZ)",,,,
https://x.com/_/status/1781216409143644580,2024/04/19 07:00:59,"double LUCKYğŸ‘­ #MINJU #ë¯¼ì£¼ #YUNAH #ìœ¤ì•„ #ILLIT #ì•„ì¼ë¦¿ #LuckyGirlSyndrome #SUPER_LUCKY #SUPER_REAL_ME

(https://t.co/IXjavjsXiS)",,,,
https://x.com/_/status/1781148210674995565,2024/04/19 02:30:00,"[EVENT] 
240421 SBS ì¸ê¸°ê°€ìš” ì°¸ì—¬ ì•ˆë‚´

(https://t.co/Ie7UoQLq4l)

#ILLIT #ì•„ì¼ë¦¿
#SUPER_REAL_ME",,,,
https://x.com/_/status/1780929279003373696,2024/04/18 12:00:02,"ì•„ì¼ë¦¿(ILLIT) ë©œë¡  ë®¤ì§ì›¨ì´ë¸Œ ì°¸ì—¬ ì•ˆë‚´

ğŸ§² 2024.04.19(ê¸ˆ) 5:15PM (KST)

ì•„ì¼ë¦¿(ILLIT)ê³¼ í•¨ê»˜ 1st Mini Album â€˜SUPER REAL MEâ€™ ì´ì•¼ê¸°í•˜ì‹¤ ëŠë‚Œ ì¢‹ì€ ë¶„ğŸ’™

(https://t.co/XyYpFSFNVh)

#ILLIT #ì•„ì¼ë¦¿
#SUPER_REAL_ME
@melon https://t.co/xNw7oHxhM2",https://pbs.twimg.com/media/GLcXBfbbAAAngPI.png,,,
https://x.com/_/status/1780925493472276507,2024/04/18 11:45:00,"[#DAILY_IT]
ì•„ì¼ë¦¿ì˜ ì— ì¹´ìš´íŠ¸ë‹¤ìš´ ì²« ì¼ìœ„ ì •ë§ ê°ì‚¬í•©ë‹ˆë‹¤!
ì˜¤ëŠ˜ ì•„ì¼ë¦¿ì˜ ì´ ê¸°ì¨ê³¼ í–‰ìš´ì„ ì—¬ëŸ¬ë¶„ë“¤ê»˜ë„ ê°€ë“ ë‚˜ëˆ ë“œë¦´ê²Œìš”ğŸ€

240418 @ ì— ì¹´ìš´íŠ¸ë‹¤ìš´
#ILLIT #ì•„ì¼ë¦¿
#Magnetic #LuckyGirlSyndrome
#SUPER_LUCKY #SUPER_REAL_ME https://t.co/cRAqFsBrig",https://pbs.twimg.com/media/GLcZl56aMAA3QVV.jpg,https://pbs.twimg.com/media/GLcddTvakAAlLJf.jpg,,
https://x.com/_/status/1780921718321656025,2024/04/18 11:30:00,"[EVENT] 
240420 MBC ì‡¼! ìŒì•…ì¤‘ì‹¬ ì°¸ì—¬ ì•ˆë‚´

(https://t.co/OJTNua8qIe)

#ILLIT #ì•„ì¼ë¦¿
#SUPER_REAL_ME",,,,
https://x.com/_/status/1780914399315915207,2024/04/18 11:00:55,"ë‚œ ì •ë§ LUCKY!â¤ï¸ #MOKA #ëª¨ì¹´ #WONHEE #ì›í¬ #IROHA #ì´ë¡œí•˜ #ILLIT #ì•„ì¼ë¦¿ #LuckyGirlSyndrome #SUPER_LUCKY #SUPER_REAL_ME

(https://t.co/L6ZJd0qs9V)",,,,
https://x.com/_/status/1780912382971437501,2024/04/18 10:52:54,"[VIDEO] 
#ILLIT (#ì•„ì¼ë¦¿) - Lucky Girl Syndrome @ ì— ì¹´ìš´íŠ¸ë‹¤ìš´

(https://t.co/HrI1Hcnow8)",,,,
https://x.com/_/status/1780891591533904023,2024/04/18 09:30:17,"[NOTICE]
#ì•„ì¼ë¦¿ ì´ Mnet ì— ì¹´ìš´íŠ¸ë‹¤ìš´ 1ìœ„ í›„ë³´ì— ì˜¬ëìŠµë‹ˆë‹¤.
#ILLIT is nominated for No.1 on &lt;M COUNTDOWN&gt;

ğŸ“Œ (https://t.co/7hVswX8YuI)",,,,
https://x.com/_/status/1780881497123353001,2024/04/18 08:50:10,"Wait a minute ì´ê²Œ ë­ì§€? 
â€˜Magneticâ€™ is now #2 on @AppleMusic Global Top 100 Chart! âœ¨ 
Enjoy the song in #SpatialAudio right here

ğŸ§² https://t.co/q4zokHPhXz

#ILLIT #ì•„ì¼ë¦¿ https://t.co/WJZ7YZDnTd",https://pbs.twimg.com/media/GLb1aDTaIAAMlMO.jpg,,,
https://x.com/_/status/1780869096202224118,2024/04/18 08:00:54,"ì˜¤ëŠ˜ì˜ ë‚ ì”¨ëŠ” ë§‘ìŒâ˜€ï¸ #ILLIT #ì•„ì¼ë¦¿ #LuckyGirlSyndrome #SUPER_LUCKY #SUPER_REAL_ME

(https://t.co/lzSR8e8W2E)",,,,
https://x.com/_/status/1780551823369371777,2024/04/17 11:00:10,"[ë°°ì†¡ ì™„ë£Œ ì•Œë¦¼]
ì£¼ë¬¸í•˜ì‹  â€˜ì„¤ë ˜ 99% ê¸°ì¨ 99% ë–¨ë¦¼ 99% ë°ë·” 1ì£¼ì°¨' ì˜ìƒì´ ë„ì°©í–ˆìŠµë‹ˆë‹¤ğŸ’Œ

ìŒì•… ë°©ì†¡ ë¹„í•˜ì¸ë“œ EP.01
(https://t.co/WtrBLIAXlH) 

#ILLIT #ì•„ì¼ë¦¿
#Magnetic #SUPER_REAL_ME",,,,
https://x.com/_/status/1780506665114374507,2024/04/17 08:00:43,"That's my girlğŸ’“ #ILLIT #ì•„ì¼ë¦¿ #LuckyGirlSyndrome #SUPER_LUCKY #SUPER_REAL_ME

(https://t.co/h8rGd8H1ti)",,,,
https://x.com/_/status/1780461421060333901,2024/04/17 05:00:56,"we're so LUCKYğŸ€ #ILLIT #ì•„ì¼ë¦¿ #LuckyGirlSyndrome #SUPER_LUCKY #SUPER_REAL_ME

(https://t.co/XH4zh8lKT8)",,,,
https://x.com/_/status/1780416085298413671,2024/04/17 02:00:47,"ì•„ì¼ë¦¿(ILLIT) 1st Mini Album â€˜SUPER REAL MEâ€™
â€˜Lucky Girl Syndromeâ€™ Official MV ìœ íŠœë¸Œ ì‡¼í•‘ íŠ¹ì „ ì•ˆë‚´

ğŸ—“ íŒë§¤ ê¸°ê°„
04/17 (ìˆ˜) 00:00 ~ 04/30 (í™”) 23:59 (KST)

ğŸ íŠ¹ì „
â€˜SUPER REAL MEâ€™ ì•¨ë²” êµ¬ë§¤ ì‹œ ë¯¸ê³µê°œ í¬í† ì¹´ë“œ 5ì¢… ì¤‘ 1ì¢… ì¦ì • (êµ¬ë§¤ ìˆ˜ëŸ‰ 1:1 ì¦ì •)
â€˜SUPER REAL MEâ€™ ì•¨ë²” ì„¸íŠ¸ êµ¬ë§¤ì‹œ ë¯¸ê³µê°œ ë‹¨ì²´ ì¸í™” ì‚¬ì§„ 1ì¢… ì¶”ê°€ ì¦ì •
â€» Weverse Albums ver. ì€ ì‘ëª¨ ëŒ€ìƒì—ì„œ ì œì™¸ë©ë‹ˆë‹¤.

'Lucky Girl Syndromeâ€™ MV ë‚´ íƒœê·¸ëœ ì œí’ˆì„ í†µí•´ Weverse Shopì—ì„œ êµ¬ë§¤í•´ë³´ì„¸ìš”!
(https://t.co/IE6sZZ2w4p)

#ILLIT #ì•„ì¼ë¦¿
#SUPER_REAL_ME #LuckyGirlSyndrome",https://pbs.twimg.com/media/GLVN6A6aIAEBzGg.jpg,,,
https://x.com/_/status/1780400791427453336,2024/04/17 01:00:01,"[EVENT] 
240418 Mnet ì— ì¹´ìš´íŠ¸ë‹¤ìš´ ì°¸ì—¬ ì•ˆë‚´

(https://t.co/h2fttY35Bz)

#ILLIT #ì•„ì¼ë¦¿
#SUPER_REAL_ME",,,,
https://x.com/_/status/1780137803042713843,2024/04/16 07:35:00,"Iâ€™m just trying to play it cool, But I just canâ€™t hide that ğŸ¶
Magnetic is on @spotify ""Today's Top Hits""

ğŸ§² https://t.co/Uok1dinYU6
ğŸ’¿ https://t.co/qj79EQWvZH

#ILLIT #ì•„ì¼ë¦¿ 
@todaystophits https://t.co/S8szToIwbC",https://pbs.twimg.com/media/GLROJXJbAAARg_Q.jpg,,,
https://x.com/_/status/1779827057406693633,2024/04/15 11:00:12,"[ì˜¤ëŠ˜ì˜ ë…¼ìŸ] ë†€ëŸ¬ê°ˆ ë•Œ ë‚ ì”¨ ìš”ì • vs êµí†µ ìš”ì • 
ê·¼ë°.. ê³ ë¯¼ì´ í•„ìš”í•œê°€..?
ì•„ì¼ë¦¿ê³¼ í•¨ê»˜ë©´.. ì–´ë””ë“  ì²œêµ­ì¼í…ë°

10ë¶„ ë…¼ìŸ EP.02
(https://t.co/Aqb5NPewCP)

#ILLIT #ì•„ì¼ë¦¿
#SUPER_REAL_ME #LuckyGirlSyndrome",,,,
https://x.com/_/status/1779804356340322750,2024/04/15 09:30:00,"[EVENT] 
240417 MBC M ì‡¼! ì±”í”¼ì–¸ ì°¸ì—¬ ì•ˆë‚´

(https://t.co/4SlNj004WF)

#ILLIT #ì•„ì¼ë¦¿
#SUPER_REAL_ME",,,,
https://x.com/_/status/1779796839535083579,2024/04/15 09:00:08,"ê³¨ë“  í‹°ì¼“ì€ í•„ìš”ì—†ì–´ë„
íŒ¬ ì—¬ëŸ¬ë¶„ë“¤ì˜ ì‘ì›ì€ í•„ìš”í•œ ëŸ­í‚¤ê±¸ë“¤ğŸ€

ILLIT (ì•„ì¼ë¦¿) â€˜Lucky Girl Syndromeâ€™ ì‘ì›ë²•
(https://t.co/ez6uMFdXYV)

#ILLIT #ì•„ì¼ë¦¿
#SUPER_REAL_ME #LuckyGirlSyndrome",,,,
https://x.com/_/status/1779796825794621571,2024/04/15 09:00:04,"[GUIDE] 
'Lucky Girl Syndrome' ì‘ì›ë²•

(https://t.co/gPdYYiwqtY)

#ILLIT #ì•„ì¼ë¦¿
#SUPER_REAL_ME #LuckyGirlSyndrome",,,,
https://x.com/_/status/1779708855699808658,2024/04/15 03:10:31,"Thank you @pandoramusic! 
Check out ILLIT and Magnetic right on ""New K-Pop Now""

ğŸ§²  https://t.co/7ki8OLQdF3
""Link access is available in the US""

#ILLIT #ì•„ì¼ë¦¿ https://t.co/YLBi3Az4X5",https://pbs.twimg.com/media/GLLLEFUbMAAC1Yg.jpg,,,
https://x.com/_/status/1779457122335699003,2024/04/14 10:30:13,"[EVENT] 
240416 SBS M ë”ì‡¼ ì°¸ì—¬ ì•ˆë‚´

(https://t.co/TY4Wxmm0jh)

#ILLIT #ì•„ì¼ë¦¿
#SUPER_REAL_ME",,,,
https://x.com/_/status/1779416801916399860,2024/04/14 07:50:00,"[#DAILY_IT]
No push and pull ğŸ§²
ì•„ì¼ë¦¿ì˜ ë§ˆìŒì€ í•­ìƒ ì „ì†ë ¥ìœ¼ë¡œ íŒ¬ì—¬ëŸ¬ë¶„ì—ê²Œ ê°ˆê²Œ!
ê·¸ë¦¬ê³  ì˜¤ëŠ˜ ì¼ì° ì£¼ë¬´ì‹œë©´ ì•ˆë˜ëŠ”ë°â€¦ğŸ‘‰ğŸ‘ˆ

240414 @ ì¸ê¸°ê°€ìš”
#ILLIT #ì•„ì¼ë¦¿
#Magnetic #SUPER_REAL_ME https://t.co/yl9I151gvS",https://pbs.twimg.com/media/GLHAP5obQAEi9yG.jpg,,,
https://x.com/_/status/1779415563875553721,2024/04/14 07:45:05,"[VIDEO] 
#ILLIT (#ì•„ì¼ë¦¿) - Magnetic @ ì¸ê¸°ê°€ìš”

(https://t.co/mWllvkgyxw)",,,,
https://x.com/_/status/1779399357290471793,2024/04/14 06:40:41,"[NOTICE]
#ì•„ì¼ë¦¿ ì´ SBS ì¸ê¸°ê°€ìš” 1ìœ„ í›„ë³´ì— ì˜¬ëìŠµë‹ˆë‹¤.
#ILLIT is nominated for No.1 on &lt;Inkigayo&gt;

ğŸ“Œ 'SuperStar X' ì–´í”Œ ì‹¤í–‰
ğŸ“Œ 'ILLIT' íˆ¬í‘œ",,,,
https://x.com/_/status/1779060705989448021,2024/04/13 08:15:00,"ì˜¤ëŠ˜ ì•„ì¼ë¦¿ 1ìœ„ í–ˆì–´ìš” ğŸ¥¹ğŸ… 
MCì›í¬ì™€ í•¨ê»˜ë¼ ë” ëœ»ê¹Šì€ ì„ ë¬¼ì´ ë˜ì—ˆì–´ìš”ğŸ’–
ì •ë§ ì •ë§ ê°ì‚¬í•©ë‹ˆë‹¤!! ì‚¬ë‘í•´ìš” ì—¬ëŸ¬ë¶„!!

240413 @ ì‡¼! ìŒì•…ì¤‘ì‹¬
#ILLIT #ì•„ì¼ë¦¿
#Magnetic #SUPER_REAL_ME https://t.co/l421s9CGT3",https://pbs.twimg.com/media/GLB9oqCawAABz5n.jpg,https://pbs.twimg.com/media/GLB9qVHawAANjj8.jpg,https://pbs.twimg.com/media/GLB9rbcbYAEPu6b.jpg,
https://x.com/_/status/1779050722291749356,2024/04/13 07:35:20,"[VIDEO] 
#ILLIT (#ì•„ì¼ë¦¿) - Magnetic @ ì‡¼! ìŒì•…ì¤‘ì‹¬

(https://t.co/O1mYAouqll)",,,,
https://x.com/_/status/1779035784324223431,2024/04/13 06:35:58,"[NOTICE]
#ì•„ì¼ë¦¿ ì´ MBC ì‡¼! ìŒì•…ì¤‘ì‹¬ 1ìœ„ í›„ë³´ì— ì˜¬ëìŠµë‹ˆë‹¤.
#ILLIT is nominated for No.1 on &lt;Show! Music Core&gt;

ğŸ“Œ 'ë®¤ë¹— Mubeat' ì–´í”Œ ì‹¤í–‰ í›„ 'ì•„ì¼ë¦¿' íˆ¬í‘œ
ğŸ“Œ SMS #0505 ë¡œ 'ì•„ì¼ë¦¿' íˆ¬í‘œ",,,,
https://x.com/_/status/1778729931041911173,2024/04/12 10:20:37,"lub-dub ğŸ«¶ ILLIT is on the cover of the 'Hot Singles Japan' playlist on @amazonmusic with Magnetic

ğŸ§² https://t.co/cWmsM4kP5W
ğŸ’¿ https://t.co/1yzBXSlUh8

Thank you @amazonmusicJP

#ILLIT #ì•„ì¼ë¦¿ 
#SUPER_REAL_ME #Magnetic https://t.co/7DZAEKyhmY",https://pbs.twimg.com/media/GK9O5B1bAAA6cJG.jpg,,,
https://x.com/_/status/1778722267129925710,2024/04/12 09:50:10,"[VIDEO] 
#ILLIT (#ì•„ì¼ë¦¿) - Magnetic @ ë®¤ì§ë±…í¬

(https://t.co/JewpD0gcpt)",,,,
https://x.com/_/status/1778719708662927631,2024/04/12 09:40:00,"[#DAILY_IT]
ë‚ ì”¨ê°€ ê°‘ìê¸° ë”ì›Œì§„ ì´ìœ ê°€
ì•„ì¼ë¦¿ì„ ì‘ì›í•˜ëŠ” íŒ¬ ë¶„ë“¤ì˜ ì—´ê¸° ë•Œë¬¸ì´ë¼ë©´ì„œìš”?
ìŠ¤í˜ì…œ ì€í–‰ì¥ ë¯¼ì£¼ì™€ í•¨ê»˜í•œ ë®¤ì§ë±…í¬ë„ ëœ¨ê²ê²Œ ì™„ë£Œ!â¤ï¸â€ğŸ”¥

240412 @ ë®¤ì§ë±…í¬
#ILLIT #ì•„ì¼ë¦¿
#Magnetic #SUPER_REAL_ME https://t.co/ZGmw3hJ47i",https://pbs.twimg.com/media/GK9GiMNaUAAw3Kt.jpg,https://pbs.twimg.com/media/GK9GjHlagAAkLSi.jpg,,
https://x.com/_/status/1778393811775070402,2024/04/11 12:05:00,"[EVENT] 
240414 SBS ì¸ê¸°ê°€ìš” ì°¸ì—¬ ì•ˆë‚´

(https://t.co/eGWoRjmclf)

#ILLIT #ì•„ì¼ë¦¿
#SUPER_REAL_ME",,,,
https://x.com/_/status/1778392558902939673,2024/04/11 12:00:01,"[EVENT] 
240413 MBC ì‡¼! ìŒì•…ì¤‘ì‹¬ ì°¸ì—¬ ì•ˆë‚´

(https://t.co/NkMK567ctE)

#ILLIT #ì•„ì¼ë¦¿
#SUPER_REAL_ME",,,,
https://x.com/_/status/1778382624094085203,2024/04/11 11:20:32,"Check out the cover of @Spotify's K-POP ON! (ì˜¨) playlist
Let's go and listen to 'Magnetic'!

ğŸ§² https://t.co/GnC8lBaayZ
ğŸ’¿ https://t.co/qj79EQWvZH

#ILLIT #ì•„ì¼ë¦¿ 
#SUPER_REAL_ME #Magnetic
@SpotifyKR @SpotifyKpop https://t.co/VGCpvEBfpd",https://pbs.twimg.com/media/GK4TrX8a4AAToSS.jpg,,,
https://x.com/_/status/1778374936886759868,2024/04/11 10:50:00,"[#DAILY_IT]
ì—¬ëŸ¬ë¶„ì˜ í˜ì°¬ ëª©ì†Œë¦¬ë¡œ í•¨ê»˜ ë§Œë“  ì— ì¹´ìš´íŠ¸ë‹¤ìš´ ë¬´ëŒ€ ğŸ’
ì˜¤ëŠ˜ì˜ ì•„ì¼ë¦¿ë„ íŒ¬ ì—¬ëŸ¬ë¶„ ë•ë¶„ì— ë„ˆë¬´ í–‰ë³µí–ˆì–´ìš”~

240411 @ ì— ì¹´ìš´íŠ¸ë‹¤ìš´
#ILLIT #ì•„ì¼ë¦¿
#Magnetic #SUPER_REAL_ME https://t.co/UDOqAZyHrW",https://pbs.twimg.com/media/GK4MHYFbIAAmrab.jpg,,,
https://x.com/_/status/1778374763938726159,2024/04/11 10:49:18,"[VIDEO] 
#ILLIT (#ì•„ì¼ë¦¿) - Magnetic @ ì— ì¹´ìš´íŠ¸ë‹¤ìš´

(https://t.co/NQohFKxz4p)",,,,
https://x.com/_/status/1778354806563783081,2024/04/11 09:30:00,"[NOTICE]
#ì•„ì¼ë¦¿ ì´ Mnet ì— ì¹´ìš´íŠ¸ë‹¤ìš´ 1ìœ„ í›„ë³´ì— ì˜¬ëìŠµë‹ˆë‹¤.
#ILLIT is nominated for No.1 on &lt;M COUNTDOWN&gt;

ğŸ“Œ (https://t.co/GSmwQkFv0d)",,,,
https://x.com/_/status/1778241617931190308,2024/04/11 02:00:14,"[EVENT]
ì•„ì¼ë¦¿(ILLIT) 1st Mini Album â€˜SUPER REAL MEâ€™ íŒ¬ì‚¬ì¸íšŒ ì•ˆë‚´ (ë®¤ì§ì•„íŠ¸)

(https://t.co/MG37uKxngS)

#ILLIT #ì•„ì¼ë¦¿
#SUPER_REAL_ME",,,,
https://x.com/_/status/1778022615694643213,2024/04/10 11:30:00,"[EVENT] 
240412 KBS2 ë®¤ì§ë±…í¬ ì°¸ì—¬ ì•ˆë‚´

(https://t.co/S8dZ2G8NXm)

#ILLIT #ì•„ì¼ë¦¿
#SUPER_REAL_ME",,,,
https://x.com/_/status/1778007516502503535,2024/04/10 10:30:00,"[#DAILY_IT]
ë´„ë°”ëŒ íœ˜ë‚ ë¦¬ë©° ì•„ì¼ë¦¿ ë“±ì¥!
ì˜¤ëŠ˜ë„ ì•„ì¼ë¦¿ì— ì°© ë‹¬ë¼ë¶™ì–´ë²„ë ¤ ğŸ§²

240410 @ ì‡¼! ì±”í”¼ì–¸
#ILLIT #ì•„ì¼ë¦¿
#Magnetic #SUPER_REAL_ME https://t.co/wZaXkNwQro",https://pbs.twimg.com/media/GKy-KNnaUAA1KJR.jpg,,,
https://x.com/_/status/1778003821849096206,2024/04/10 10:15:19,"[VIDEO] 
#ILLIT (#ì•„ì¼ë¦¿) - Magnetic @ ì‡¼! ì±”í”¼ì–¸

(https://t.co/K8GfhvpAXs)",,,,
https://x.com/_/status/1777977543490261161,2024/04/10 08:30:54,"ì´ê²Œ ì§„ì§œ REAL ILLITğŸ¬ #YUNAH #ìœ¤ì•„ #IROHA #ì´ë¡œí•˜ #MOKA #ëª¨ì¹´ #ILLIT #ì•„ì¼ë¦¿ #MyWorld #SUPER_REAL_ME

(https://t.co/kLcHewAhmw)",,,,
https://x.com/_/status/1777962445702926534,2024/04/10 07:30:54,"this is #MyWorld ğŸ¦‹ #WONHEE #ì›í¬ #MINJU #ë¯¼ì£¼ #ILLIT #ì•„ì¼ë¦¿ #SUPER_REAL_ME

(https://t.co/zaewfgZwPV)",,,,
https://x.com/_/status/1777954882844303391,2024/04/10 07:00:51,"ILLIT's first stage of #MyWorld ğŸ©µ #ILLIT #ì•„ì¼ë¦¿ #SUPER_REAL_ME

(https://t.co/FXpnjJCijD)",,,,
https://x.com/_/status/1777660228131332153,2024/04/09 11:30:00,"[EVENT] 
240411 Mnet ì— ì¹´ìš´íŠ¸ë‹¤ìš´ ì°¸ì—¬ ì•ˆë‚´

(https://t.co/YRLxueBE9h)

#ILLIT #ì•„ì¼ë¦¿
#SUPER_REAL_ME",,,,
https://x.com/_/status/1777652736311382274,2024/04/09 11:00:14,"â€œThis time I want _ou _ou _ou _ouâ€ - Magnetic ä¸­

Q. ë¹ˆì¹¸ ì•ˆì— ë“¤ì–´ê°ˆ ë‹¨ì–´ëŠ”? (325ì )
A. Y.

KT Y ê´‘ê³  ì´¬ì˜ ë¹„í•˜ì¸ë“œ 
(https://t.co/1sItHzasXE)

#ILLIT #ì•„ì¼ë¦¿
#Magnetic #SUPER_REAL_ME",,,,
https://x.com/_/status/1777651988106182722,2024/04/09 10:57:15,"[VIDEO] 
#ILLIT (#ì•„ì¼ë¦¿) - Magnetic @ ë”ì‡¼

(https://t.co/wOz1dX6Bf3)",,,,
https://x.com/_/status/1777650161293877699,2024/04/09 10:50:00,"[#DAILY_IT]
ì•„ì¼ë¦¿ 1ìœ„ ê°ì‚¬í•©ë‹ˆë‹¤ğŸ†
ì•„ì¼ë¦¿ì€ íŒ¬ ì—¬ëŸ¬ë¶„ ë³´ëŠ” ë‚™ìœ¼ë¡œ ì‚´ì•„ìš” #ì´ê±°ì§„ì§œì„
#1ìœ„ëŠ”_ì—¬ëŸ¬ë¶„ë“¤ì˜_ê²ƒ

240409 @ ë”ì‡¼
#ILLIT #ì•„ì¼ë¦¿
#Magnetic #SUPER_REAL_ME https://t.co/JiABHUB8Qi",https://pbs.twimg.com/media/GKtz7kGboAAzmtb.jpg,https://pbs.twimg.com/media/GKt6j4ua8AAmqUX.jpg,,
https://x.com/_/status/1777645498322629034,2024/04/09 10:31:28,"can u follow this speed?ğŸ’¥ #MOKA #ëª¨ì¹´ #IROHA #ì´ë¡œí•˜ #WONHEE #ì›í¬ #ILLIT #ì•„ì¼ë¦¿ #Magnetic #SUPER_REAL_ME

(https://t.co/fACcO3h9ML)",,,,
https://x.com/_/status/1777625097685143554,2024/04/09 09:10:24,"[NOTICE]
#ì•„ì¼ë¦¿ ì´ SBS M ë”ì‡¼ 1ìœ„ í›„ë³´ì— ì˜¬ëìŠµë‹ˆë‹¤.
#ILLIT is nominated for No.1 on &lt;THE SHOW&gt;

ğŸ“Œ 'ìŠ¤íƒ€ í”Œë˜ë‹›' ì–´í”Œ ì‹¤í–‰
ğŸ“Œ 'ì•„ì¼ë¦¿(ILLIT)' íˆ¬í‘œ",,,,
https://x.com/_/status/1777621338896638040,2024/04/09 08:55:28,"ILLIT is on the cover of  'The A-List: K-Pop' playlist
Weâ€™re magnetized ğŸµ Give 'Magnetic' a listen in Spatial Audio

ğŸ§²  https://t.co/Hm4VpSYjnh
ğŸ’¿  https://t.co/chAQwB28Vp
ğŸª©  https://t.co/aqGFsUdQvW

Thank you @AppleMusic! 

#ILLIT #ì•„ì¼ë¦¿
#SUPER_REAL_ME #Magnetic https://t.co/dhKH42rC9m",https://pbs.twimg.com/media/GKtfU96aQAAdhXq.jpg,,,
https://x.com/_/status/1777607387186348336,2024/04/09 08:00:02,"[Behind Cut ğŸ“¸] 
ILLIT (ì•„ì¼ë¦¿) â€˜KT Yâ€™ Ads Shoot  

(https://t.co/cal0qYaAtC)

#ILLIT #ì•„ì¼ë¦¿",,,,
https://x.com/_/status/1777592801082962234,2024/04/09 07:02:04,"PINKÂ #ILLITÂ ğŸ€ğŸŒ¸Â #YUNAH #ìœ¤ì•„ #WONHEE #ì›í¬ #MINJU #ë¯¼ì£¼Â #ì•„ì¼ë¦¿Â #MagneticÂ #SUPER_REAL_ME

(https://t.co/tQUpU62apU)",,,,
https://x.com/_/status/1777305442156466270,2024/04/08 12:00:12,"ì•„ ì¬ë°Œì–´.. ì¬ë°Œë‹¤.. ë„ˆë¬´ ì¬ë°ŒëŠ”ë°?
ë…¼ìŸí•˜ëŠ” ì•„ì¼ë¦¿ ë„ˆë¬´ ì¬ë°ŒëŠ”ë°? ê³„ì† ë³´ê³  ì‹¶ì€ë°?

10ë¶„ ë…¼ìŸ EP.01
(https://t.co/VDDJQQXhH7)

#ILLIT #ì•„ì¼ë¦¿
#Magnetic #SUPER_REAL_ME",,,,
https://x.com/_/status/1777245360307761617,2024/04/08 08:01:28,"ğŸ¤ğŸ©· #ILLIT #ì•„ì¼ë¦¿ #Magnetic #SUPER_REAL_ME

(https://t.co/lVawyB6kn4)",,,,
https://x.com/_/status/1777244995524706501,2024/04/08 08:00:01,"[EVENT] 
ì•„ì¼ë¦¿(ILLIT) â€˜SUPER REAL MEâ€™ LUCKY DRAW 2ì°¨ ì´ë²¤íŠ¸ ì•ˆë‚´

(https://t.co/WfbtLKYNlq)

#ILLIT #ì•„ì¼ë¦¿
#SUPER_REAL_ME",,,,
https://x.com/_/status/1777229941534515251,2024/04/08 07:00:12,"[EVENT] 
240410 MBC M ì‡¼! ì±”í”¼ì–¸ ì°¸ì—¬ ì•ˆë‚´

(https://t.co/r1M8byuBIc)

#ILLIT #ì•„ì¼ë¦¿
#SUPER_REAL_ME",,,,
https://x.com/_/status/1776922891193335975,2024/04/07 10:40:05,"HERE is the result ğŸ™Œ #MINJU #ë¯¼ì£¼ #YUNAH #ìœ¤ì•„ #ILLIT #ì•„ì¼ë¦¿ #Magnetic #SUPER_REAL_ME

(https://t.co/AScfg3fAez)",,,,
https://x.com/_/status/1776913584125100292,2024/04/07 10:03:06,"SUPER easy way to #Magnetic spedup challengeğŸ’¥ #MINJU #ë¯¼ì£¼ #YUNAH #ìœ¤ì•„ #ILLIT #ì•„ì¼ë¦¿ #SUPER_REAL_ME

(https://t.co/Zhkf4yghOk)",,,,
https://x.com/_/status/1776905254719906302,2024/04/07 09:30:00,"Join the 'SUPER REAL ME' Listening Party @Stationhead

ğŸ“… 04.08 9:30PM KST / 8:30AM EDT
ğŸ“» https://t.co/QRNqO1Y50g   

(*Stationhead log-in &amp; Connect to Spotify or Apple Music account required) https://t.co/YUcofl53Bl",https://pbs.twimg.com/media/GKio_7fbQAAMLiV.jpg,,,
https://x.com/_/status/1776882611287429316,2024/04/07 08:00:02,"[#DAILY_IT]
ì¸ê¸°ê°€ìš”ë¥¼ ë§ˆì§€ë§‰ìœ¼ë¡œ 2ì£¼ì°¨ í™œë™ë„ ì¢…ë£Œ!ğŸ‘Š
ì—¬ëŸ¬ë¶„ ë•ë¶„ì— í–‰ë³µí•œ ì¼ì£¼ì¼ì´ì—ˆì–´ìš”!ğŸ’–
ğŸ’­(ì˜¤ê°í˜• ì•„ë‹˜. í•˜íŠ¸ ëŒ€í˜•ì„.)

240407 @ ì¸ê¸°ê°€ìš”
#ILLIT #ì•„ì¼ë¦¿
#Magnetic #SUPER_REAL_ME https://t.co/eRA9KvuNgW",https://pbs.twimg.com/media/GKi_PppawAA8GRV.jpg,,,
https://x.com/_/status/1776878849256792396,2024/04/07 07:45:05,"[VIDEO] 
#ILLIT (#ì•„ì¼ë¦¿) - Magnetic @ ì¸ê¸°ê°€ìš”

(https://t.co/NyllKaI2KU)",,,,
https://x.com/_/status/1776862647926808665,2024/04/07 06:40:42,"[NOTICE]
#ì•„ì¼ë¦¿ ì´ SBS ì¸ê¸°ê°€ìš” 1ìœ„ í›„ë³´ì— ì˜¬ëìŠµë‹ˆë‹¤.
#ILLIT is nominated for No.1 on &lt;Inkigayo&gt;

ğŸ“Œ 'SuperStar X' ì–´í”Œ ì‹¤í–‰
ğŸ“Œ 'ILLIT' íˆ¬í‘œ",,,,
https://x.com/_/status/1776852407349137759,2024/04/07 06:00:00,"#Magnetic is added on @siriusxm!
Check it out on @siriusxmkpop

ğŸ§² https://t.co/VxHcsjLE1Y
""Link access is available in the US""

#ILLIT #ì•„ì¼ë¦¿ https://t.co/v8lo0dewmC",https://pbs.twimg.com/media/GKihUZLbMAAKcaA.jpg,,,
https://x.com/_/status/1776832449634509184,2024/04/07 04:40:42,"ILLIT â¡ï¸ ğ“œğ“ªğ“°ğ“²ğ“¬ğ“ªğ“µ ğ“˜ğ“›ğ“›ğ“˜ğ“£ #ì´ë¡œí•˜ #IROHA #ILLIT #ì•„ì¼ë¦¿ #Magnetic #SUPER_REAL_ME

(https://t.co/Kwy6E1q5Hk)",,,,
https://x.com/_/status/1776829950697599095,2024/04/07 04:30:46,"ILLIT â¡ï¸ ğ“œğ“ªğ“°ğ“²ğ“¬ğ“ªğ“µ ğ“˜ğ“›ğ“›ğ“˜ğ“£ #ì›í¬ #WONHEE #ILLIT #ì•„ì¼ë¦¿ #Magnetic #SUPER_REAL_ME

(https://t.co/sXQ1r0nAmk)",,,,
https://x.com/_/status/1776827406042702216,2024/04/07 04:20:40,"ILLIT â¡ï¸ ğ“œğ“ªğ“°ğ“²ğ“¬ğ“ªğ“µ ğ“˜ğ“›ğ“›ğ“˜ğ“£ #ëª¨ì¹´ #MOKA #ILLIT #ì•„ì¼ë¦¿ #Magnetic #SUPER_REAL_ME

(https://t.co/47lBON6ude)",,,,
https://x.com/_/status/1776824946179936612,2024/04/07 04:10:53,"ILLIT â¡ï¸ ğ“œğ“ªğ“°ğ“²ğ“¬ğ“ªğ“µ ğ“˜ğ“›ğ“›ğ“˜ğ“£ #ë¯¼ì£¼ #MINJU #ILLIT #ì•„ì¼ë¦¿ #Magnetic #SUPER_REAL_ME

(https://t.co/439VPf7ARq)",,,,
https://x.com/_/status/1776822598342787213,2024/04/07 04:01:33,"ILLIT â¡ï¸ ğ“œğ“ªğ“°ğ“²ğ“¬ğ“ªğ“µ ğ“˜ğ“›ğ“›ğ“˜ğ“£ #ìœ¤ì•„ #YUNAH #ILLIT #ì•„ì¼ë¦¿ #Magnetic #SUPER_REAL_ME

(https://t.co/qWUBEdK5os)",,,,
https://x.com/_/status/1776581120194216443,2024/04/06 12:02:00,"ğŸ©µğŸª½ğŸ¦‹ğŸª¼ğŸ³ğŸ§ŠğŸŒŠğŸ¤ #ILLIT #ì•„ì¼ë¦¿ #MyWorld #Magnetic #SUPER_REAL_ME

(https://t.co/rSgfa2rblQ)",,,,
https://x.com/_/status/1776558518373322765,2024/04/06 10:32:12,"#Magnetic memory in Sangam..âœ¨ #ILLIT #ì•„ì¼ë¦¿ #SUPER_REAL_ME

(https://t.co/iwuuBNjUhE)",,,,
https://x.com/_/status/1776520222234878326,2024/04/06 08:00:01,"[#DAILY_IT]  
ì™„ë²½í•œ ë‚ ì”¨, ë”± ë§ëŠ” playlist, ì˜¤ëŠ˜ì˜ ì•„ì¼ë¦¿ğŸ«§
ì²« ë¯¸ë‹ˆ íŒ¬ë¯¸íŒ… ì§„ì§œ ì§„ì§œ í–‰ë³µí–ˆì–´ìš”!ğŸ’•

240406 @ ì‡¼! ìŒì•…ì¤‘ì‹¬
#ILLIT #ì•„ì¼ë¦¿ 
#Magnetic #SUPER_REAL_ME https://t.co/tmIo3a6MAR",https://pbs.twimg.com/media/GKdzmeXbwAAM9aY.jpg,https://pbs.twimg.com/media/GKdznMQaEAAHgy-.jpg,,
https://x.com/_/status/1776514050249404829,2024/04/06 07:35:30,"[VIDEO] 
#ILLIT (#ì•„ì¼ë¦¿) - Magnetic @ ì‡¼! ìŒì•…ì¤‘ì‹¬

(https://t.co/AeKiOGTo1j)",,,,
https://x.com/_/status/1776498971177038093,2024/04/06 06:35:35,"[NOTICE]
#ì•„ì¼ë¦¿ ì´ MBC ì‡¼! ìŒì•…ì¤‘ì‹¬ 1ìœ„ í›„ë³´ì— ì˜¬ëìŠµë‹ˆë‹¤.
#ILLIT is nominated for No.1 on &lt;Show! Music Core&gt;

ğŸ“Œ 'ë®¤ë¹— Mubeat' ì–´í”Œ ì‹¤í–‰ í›„ 'ì•„ì¼ë¦¿' íˆ¬í‘œ
ğŸ“Œ SMS #0505 ë¡œ 'ì•„ì¼ë¦¿' íˆ¬í‘œ",,,,
https://x.com/_/status/1776459872231694467,2024/04/06 04:00:13,"[EVENT]Â 
240409 SBS M ë”ì‡¼ ì°¸ì—¬ ì•ˆë‚´

(https://t.co/M5FJ8B2RDX)

#ILLIT #ì•„ì¼ë¦¿
#SUPER_REAL_ME",,,,
https://x.com/_/status/1776429623284220131,2024/04/06 02:00:01,"[EVENT]
ì•„ì¼ë¦¿(ILLIT) 1st Mini Album â€˜SUPER REAL MEâ€™ íŒ¬ì‚¬ì¸íšŒ ì•ˆë‚´ (ë®¤ì§í”ŒëœíŠ¸)

(https://t.co/21zYUtuH77)

#ILLIT #ì•„ì¼ë¦¿
#SUPER_REAL_ME",,,,
https://x.com/_/status/1776415777698062579,2024/04/06 01:05:00,"[EVENT] 
240409 arirang TV After School Club ì°¸ì—¬ ì•ˆë‚´

(https://t.co/oq4n9E7Gto)

#ILLIT #ì•„ì¼ë¦¿
#SUPER_REAL_ME",,,,
https://x.com/_/status/1776414525761216532,2024/04/06 01:00:01,"[EVENT] 
240408 arirang TV Simply K-Pop ì°¸ì—¬ ì•ˆë‚´

(https://t.co/N9Q66bE7Vx)

#ILLIT #ì•„ì¼ë¦¿
#SUPER_REAL_ME",,,,
https://x.com/_/status/1776185510207131650,2024/04/05 09:50:00,"[#DAILY_IT]
ë²šê½ƒì´ íˆê¸¸ë˜ ì°ì—ˆëŠ”ë° ì™œ ì•„ì¼ë¦¿ì´ ì°í˜”ã…ˆ..ğŸŒ¸
ë®¤ë±… ë¬´ëŒ€ë¶€í„° ìœ¤ì•„ì˜ ì²« MCê¹Œì§€ ê°“ë²½í•˜ê²Œ ì™„ë£Œ!ğŸ‘

240405 @ ë®¤ì§ë±…í¬
#ILLIT #ì•„ì¼ë¦¿
#Magnetic #SUPER_REAL_ME https://t.co/EKtbr1uoAO",https://pbs.twimg.com/media/GKZDnhca0AAxA63.jpg,https://pbs.twimg.com/media/GKZDoTRaIAAUU5w.jpg,,
https://x.com/_/status/1776185131184898241,2024/04/05 09:48:29,"[VIDEO] 
#ILLIT (#ì•„ì¼ë¦¿) - Magnetic @ ë®¤ì§ë±…í¬

(https://t.co/EkyYVGfqlu)",,,,
https://x.com/_/status/1776158672059609119,2024/04/05 08:03:21,"This is #ILLIT world #ì•„ì¼ë¦¿ #Magnetic #MyWorld #SUPER_REAL_ME

(https://t.co/jFgWD1urs4)",,,,
https://x.com/_/status/1776128100683923896,2024/04/05 06:01:52,"âš¡ğŸ§²âš¡ #ILLIT #ì•„ì¼ë¦¿ #Magnetic #SUPER_REAL_ME

(https://t.co/kcwVYbRvph)",,,,
https://x.com/_/status/1776052212738981960,2024/04/05 01:00:19,"[EVENT]
240407 SBS ì¸ê¸°ê°€ìš” ì°¸ì—¬ ì•ˆë‚´

(https://t.co/tSrhywWJ0W)

#ILLIT #ì•„ì¼ë¦¿
#SUPER_REAL_ME",,,,
https://x.com/_/status/1775848400417866047,2024/04/04 11:30:26,"[EVENT]
240406 MBC ì‡¼! ìŒì•…ì¤‘ì‹¬ ì°¸ì—¬ ì•ˆë‚´

(https://t.co/e3TQqgbBD7)

#ILLIT #ì•„ì¼ë¦¿
#SUPER_REAL_ME",,,,
https://x.com/_/status/1775843255420379614,2024/04/04 11:10:00,"[#DAILY_IT] 
ì— ì¹´ì— ì°¾ì•„ì˜¨ ë‹¤ì„¯ ëª…ì˜ í•‘í¬ê³¤ì¥¬ë“¤ğŸ’“
ì˜¤ëŠ˜ ë¬´ëŒ€ë„ SUPER ì™„ë²½í•¨ğŸ«¶

240404 @ ì— ì¹´ìš´íŠ¸ë‹¤ìš´
#ILLIT #ì•„ì¼ë¦¿ 
#Magnetic #SUPER_REAL_ME https://t.co/D9c3fskywu",https://pbs.twimg.com/media/GKUNgIfa4AAkCkY.jpg,,,
https://x.com/_/status/1775839593935606225,2024/04/04 10:55:27,"[VIDEO] 
#ILLIT (#ì•„ì¼ë¦¿) - Magnetic @ ì— ì¹´ìš´íŠ¸ë‹¤ìš´

(https://t.co/JREqDRdHnp)",,,,
https://x.com/_/status/1775818252050215371,2024/04/04 09:30:39,"[NOTICE]
#ì•„ì¼ë¦¿ ì´ Mnet ì— ì¹´ìš´íŠ¸ë‹¤ìš´ 1ìœ„ í›„ë³´ì— ì˜¬ëìŠµë‹ˆë‹¤.
#ILLIT is nominated for No.1 on &lt;M COUNTDOWN&gt;

ğŸ“Œ ì˜¨ë¼ì¸ íˆ¬í‘œ: (https://t.co/DFLyEBzpuM)",,,,
https://x.com/_/status/1775781099450601772,2024/04/04 07:03:01,"I'm just trying to play it coolğŸ’« #WONHEE #ì›í¬ #ILLIT #ì•„ì¼ë¦¿ #Magnetic #SUPER_REAL_ME

(https://t.co/nqNpGGzeyL)",,,,
https://x.com/_/status/1775485900262375617,2024/04/03 11:30:00,"[EVENT]
240405 KBS ë®¤ì§ë±…í¬ ì°¸ì—¬ ì•ˆë‚´

(https://t.co/57llIeXniP)

#ILLIT #ì•„ì¼ë¦¿
#SUPER_REAL_ME",,,,
https://x.com/_/status/1775479013181682116,2024/04/03 11:02:38,"SUPER REAL #Magnetic memory in parisğŸ‡«ğŸ‡· #ILLIT #ì•„ì¼ë¦¿ #SUPER_REAL_ME

(https://t.co/2DhrFKmy0W)",,,,
https://x.com/_/status/1775470859635052872,2024/04/03 10:30:14,"ì•„â€¦ ë˜ ìš¸ì—ˆë„¤ ì˜¤ëŠ˜â€¦
ã„´ ì™œìš”?
ã„´ã„´ ì•„ì¼ë¦¿ì´ ë„ˆë¬´ ì˜ˆë»ì„œìš”..

ì•„ì¼ë¦¿ ELLE í™”ë³´ ì´¬ì˜ ë¹„í•˜ì¸ë“œ 
(https://t.co/OvAoyMbLcO) 

#ILLIT #ì•„ì¼ë¦¿
#Magnetic #SUPER_REAL_ME",,,,
https://x.com/_/status/1775468284197962058,2024/04/03 10:20:00,"[#DAILY_IT]
ìˆ˜ìš”ì¼ì—ë„ ë§Œë‚  ìˆ˜ ìˆì–´ì„œ í–‰ë³µí–ˆì–´ìš”ğŸ’—
ì‡¼ì±”í”¼ì–¸ë„ LITí•˜ê²Œ ì™„ë£Œ!â¤ğŸ”¥

240403 @ SHOW CHAMPION
#ILLIT #ì•„ì¼ë¦¿
#Magnetic #MyWorld #SUPER_REAL_ME https://t.co/DKLk1N99xx",https://pbs.twimg.com/media/GKO6DR3aYAA2uuQ.jpg,https://pbs.twimg.com/media/GKO6EpsaQAARALp.jpg,,
https://x.com/_/status/1775466249453195761,2024/04/03 10:11:55,"[VIDEO] 
#ILLIT (#ì•„ì¼ë¦¿) - Magnetic @ SHOW CHAMPION

(https://t.co/17e6IsK7LJ)",,,,
https://x.com/_/status/1775138687103459765,2024/04/02 12:30:18,"[EVENT]
240404 Mnet ì— ì¹´ìš´íŠ¸ë‹¤ìš´ ì°¸ì—¬ ì•ˆë‚´

(https://t.co/FbxoRNkosw)

#ILLIT #ì•„ì¼ë¦¿
#SUPER_REAL_ME",,,,
https://x.com/_/status/1775117221552889969,2024/04/02 11:05:00,"[#DAILY_IT]
âœ¨ì•„ì¼ë¦¿ ì²« 1ìœ„âœ¨
ì‚¬ë‘í•´ì£¼ì‹œê³  ì‘ì›í•´ì£¼ì‹œê³  ê¸°ëŒ€í•´ì£¼ì‹œê³  ê¸°ë‹¤ë ¤ì£¼ì…”ì„œ ê°ì‚¬í•©ë‹ˆë‹¤ğŸ’—
ëª¨ë‘ íŒ¬ ì—¬ëŸ¬ë¶„ ë•ë¶„ì´ì—ìš”ğŸ’– ìŠˆí¼ ë¦¬ì–¼ ì‚¬ë‘í•´ìš”ğŸ’

240402 @ THE SHOW
#ILLIT #ì•„ì¼ë¦¿
#Magnetic #MyWorld #SUPER_REAL_ME https://t.co/Wvmu2fttjM",https://pbs.twimg.com/media/GKJ4nkpa8AAwCKI.jpg,https://pbs.twimg.com/media/GKJ4pbWakAA3cEQ.jpg,https://pbs.twimg.com/media/GKJ4qxia4AAHSev.jpg,
https://x.com/_/status/1775110026275025067,2024/04/02 10:36:24,"[VIDEO] 
#ILLIT (#ì•„ì¼ë¦¿) - Magnetic @ ë”ì‡¼

(https://t.co/jh9k7wu9Bv)",,,,
https://x.com/_/status/1775087450743881765,2024/04/02 09:06:42,"[NOTICE]
#ì•„ì¼ë¦¿ ì´ SBS M ë”ì‡¼ 1ìœ„ í›„ë³´ì— ì˜¬ëìŠµë‹ˆë‹¤.
#ILLIT is nominated for No.1 on &lt;THE SHOW&gt;

ğŸ“Œ 'ìŠ¤íƒ€ í”Œë˜ë‹›' ì–´í”Œ ì‹¤í–‰
ğŸ“Œ 'ì•„ì¼ë¦¿(ILLIT)' íˆ¬í‘œ",,,,
https://x.com/_/status/1775025861206610226,2024/04/02 05:01:58,"Check out ILLIT on the cover of @anghami's 'k-pop girl power' playlist
Head over and listen to â€˜Magneticâ€™ and 'SUPER REAL ME'   

ğŸ’¿   https://t.co/f0GsGolKZd   
ğŸ§²   https://t.co/YAdkDAuuON

#ILLIT #ì•„ì¼ë¦¿
#SUPER_REAL_ME #Magnetic https://t.co/92P57sCiZe",https://pbs.twimg.com/media/GKIoCPFbQAA7oJV.jpg,,,
https://x.com/_/status/1774791323758788771,2024/04/01 13:30:00,"[#DAILY_IT]
ì›”ìš”ì¼ ë§ˆë¬´ë¦¬ë¡œ ì•„ì¼ë¦¿ ìŠ¤ì¶¤ ì–´ë•Œìš”^ ^~?
ê±°ì§“ë§ì´ ì•„ë‹ˆë¼ ìŠˆí¼ ë¦¬ì–¼ ì˜í–ˆìŒğŸ’–

240401 @ STUDIO CHOOM
#ILLIT #ì•„ì¼ë¦¿
#Magnetic #SUPER_REAL_ME https://t.co/roYSuZwVOU",https://pbs.twimg.com/media/GKFOOBQa0AA4dSF.jpg,https://pbs.twimg.com/media/GKFOPwNbEAAQq5G.jpg,,
https://x.com/_/status/1774754295956877562,2024/04/01 11:02:52,"infinite loop of #Magnetic ğŸ’Ÿ #ILLIT #ì•„ì¼ë¦¿ #SUPER_REAL_ME

(https://t.co/JcmnadbrXn)",,,,
https://x.com/_/status/1774693181432504762,2024/04/01 07:00:01,"[EVENT]
240403 MBC M ì‡¼! ì±”í”¼ì–¸ ì°¸ì—¬ ì•ˆë‚´

(https://t.co/PDHT4mnlIX)

#ILLIT #ì•„ì¼ë¦¿
#SUPER_REAL_ME",,,,
https://x.com/_/status/1774407147692110334,2024/03/31 12:03:25,"Magnetic MV bts #ILLIT #ì•„ì¼ë¦¿ #Magnetic #SUPER_REAL_ME

(https://t.co/A1fHhb7Nun)",,,,
https://x.com/_/status/1774361748453421207,2024/03/31 09:03:01,"posing with this partâœ¨ #YUNAH #ìœ¤ì•„ #IROHA #ì´ë¡œí•˜ #WONHEE #ì›í¬ #ILLIT #ì•„ì¼ë¦¿ #Magnetic #SUPER_REAL_ME

(https://t.co/9CmPF7FxTY)",,,,
https://x.com/_/status/1774345889408278570,2024/03/31 08:00:00,"[#DAILY_IT]
ì´ˆëŠ¥ë ¥ì²˜ëŸ¼ ì´ëŒë¦¬ëŠ” ì•„ì¼ë¦¿ì˜ 1ì£¼ì°¨ ìŒë°© ì¢…ë£Œ!
ë‹¤ìŒì£¼ë„ ì•„ì¼ë¦¿ì—ê²Œ ì§ì§„í•´ yeahğŸ’˜

240331 @ ì¸ê¸°ê°€ìš”
#ILLIT #ì•„ì¼ë¦¿
#Magnetic #MyWorld #SUPER_REAL_ME https://t.co/iD6HTGHxDy",https://pbs.twimg.com/media/GJ-8qfBbUAE0L44.jpg,https://pbs.twimg.com/media/GJ-8rdGbcAAM526.jpg,,
https://x.com/_/status/1774342192502600026,2024/03/31 07:45:19,"[VIDEO] 
#ILLIT (#ì•„ì¼ë¦¿) - Magnetic @ ì¸ê¸°ê°€ìš”

(https://t.co/MvD7gNBMo3)",,,,
https://x.com/_/status/1773983506923999728,2024/03/30 08:00:01,"[#DAILY_IT]
Wait a minute, ì´ê²Œ ë­ì§€?
ã„´ì•„ì¼ë¦¿ ì•„ë‹ˆê³  ìŒì¤‘ ì•„ì¼ë¦¿ì´ë‹¤.

240330 @ ì‡¼ìŒì•…ì¤‘ì‹¬
#ILLIT #ì•„ì¼ë¦¿
#Magnetic #MyWorld #SUPER_REAL_ME https://t.co/gFsHBmYyCc",https://pbs.twimg.com/media/GJ5ysh6bMAAQn4m.jpg,https://pbs.twimg.com/media/GJ5ytgTaQAACgtJ.jpg,,
https://x.com/_/status/1773978942124499308,2024/03/30 07:41:53,"[VIDEO] 
#ILLIT (#ì•„ì¼ë¦¿) - Magnetic @ ì‡¼! ìŒì•…ì¤‘ì‹¬

(https://t.co/UiZHuLuMIh)",,,,
https://x.com/_/status/1773908074170036350,2024/03/30 03:00:17,"[EVENT]
240402 SBS M ë”ì‡¼ ì°¸ì—¬ ì•ˆë‚´

(https://t.co/4hX62LHDvQ)

#ILLIT #ì•„ì¼ë¦¿
#SUPER_REAL_ME",,,,
https://x.com/_/status/1773892909517173115,2024/03/30 02:00:01,"[EVENT]
ì•„ì¼ë¦¿(ILLIT) 1st Mini Album â€˜SUPER REAL MEâ€™ íŒ¬ì‚¬ì¸íšŒ ì•ˆë‚´ (ë®¤ì§ì½”ë¦¬ì•„)

(https://t.co/ZhPP3a59gt)

#ILLIT #ì•„ì¼ë¦¿
#SUPER_REAL_ME",,,,
https://x.com/_/status/1773681594592584103,2024/03/29 12:00:20,"ë¼ì´ë¸Œì—ì„œ ì–˜ê¸°í–ˆë˜ íí˜¸í…” ê³µí¬ ì²´í—˜ ì˜ìƒì´ ë„ì°©í–ˆì–´ìš”ğŸ“®

ëª¨í¬ë˜ì¦ˆì˜ ìŠˆí¼ë¦¬ì–¼ íí˜¸í…” íƒí—˜ğŸ”
(https://t.co/4xnKzkpHe4)

#ILLIT #ì•„ì¼ë¦¿
#SUPER_REAL_ME #Magnetic",,,,
https://x.com/_/status/1773658863751061574,2024/03/29 10:30:00,"[#DAILY_IT]
ì•„ì¼ë¦¿ì€ ë°°ì§±ì´ê³  ê¸ˆìš”ì¼ì—” ë®¤ë±…ì´ì§€
ì˜¤ëŠ˜ ë®¤ì§ë±…í¬ ë¬´ëŒ€ë„ ë°°ì§±ìˆê²Œ ì™„ë£ŒğŸ€

240329 @ ë®¤ì§ë±…í¬
#ILLIT #ì•„ì¼ë¦¿
#Magnetic #MyWorld #SUPER_REAL_ME https://t.co/3aFOiFklZ3",https://pbs.twimg.com/media/GJ08QrIasAAek8c.jpg,https://pbs.twimg.com/media/GJ08RMubkAEUi_s.jpg,,
https://x.com/_/status/1773644244512628884,2024/03/29 09:31:55,"[VIDEO] 
#ILLIT (#ì•„ì¼ë¦¿) - Magnetic @ ë®¤ì§ë±…í¬

(https://t.co/T0hwQCO6EI)",,,,
https://x.com/_/status/1773607260943524190,2024/03/29 07:04:57,"SUPER Magnetic heartğŸ’˜ #IROHA #ì´ë¡œí•˜ #ILLIT #ì•„ì¼ë¦¿ #Magnetic #SUPER_REAL_ME

(https://t.co/dvRlRzPvTv)",,,,
https://x.com/_/status/1773530521802256812,2024/03/29 02:00:01,"[EVENT]
ì•„ì¼ë¦¿(ILLIT) 1st Mini Album 'SUPER REAL ME' ë°œë§¤ ê¸°ë… FAN PARTY 'SUPER REAL ILLIT' ì•ˆë‚´

(https://t.co/IV5nUdFcEo)

#ILLIT #ì•„ì¼ë¦¿
#SUPER_REAL_ME",,,,
https://x.com/_/status/1773515420407832956,2024/03/29 01:00:01,"[NOTICE] 
ì•„ì¼ë¦¿(ILLIT) 1st Mini Album 'SUPER REAL ME' í›„ì¦ˆíŒ¬ íŒì—… ì¹´í˜ ì•ˆë‚´

(https://t.co/JqOLYW4KCb)

#ILLIT #ì•„ì¼ë¦¿
#SUPER_REAL_ME",,,,
https://x.com/_/status/1773319123981746376,2024/03/28 12:00:00,"[EVENT]
240331 SBS ì¸ê¸°ê°€ìš” ì°¸ì—¬ ì•ˆë‚´

(https://t.co/AJpyM9mMFZ)

#ILLIT #ì•„ì¼ë¦¿
#SUPER_REAL_ME",,,,
https://x.com/_/status/1773312684710052132,2024/03/28 11:34:25,"SUPER ë§‰ë‚´ì¦ˆğŸ©· #ILLIT #ì•„ì¼ë¦¿ #IROHA #ì´ë¡œí•˜ #WONHEE #ì›í¬ #Magnetic #SUPER_REAL_ME

(https://t.co/5wwYrsyNab)",,,,
https://x.com/_/status/1773312523791720895,2024/03/28 11:33:46,"SUPER ì´ëŒë ¤ğŸ€ #ILLIT #ì•„ì¼ë¦¿ #MINJU #ë¯¼ì£¼ #YUNAH #ìœ¤ì•„ #MOKA #ëª¨ì¹´ #Magnetic #SUPER_REAL_ME

(https://t.co/YXEeV3kqvs)",,,,
https://x.com/_/status/1773306540079898991,2024/03/28 11:10:00,"[EVENT]
240330 MBC ì‡¼! ìŒì•…ì¤‘ì‹¬ ì°¸ì—¬ ì•ˆë‚´

(https://t.co/as85pBUxr0)

#ILLIT #ì•„ì¼ë¦¿
#SUPER_REAL_ME",,,,
https://x.com/_/status/1773304028400677144,2024/03/28 11:00:01,"[#DAILY_IT]
ì•„ì¼ë¦¿ì˜ SUPER REALí•œ ì²« ìŒë°©!
íŒ¬ ì—¬ëŸ¬ë¶„ë“¤ì˜ ì‘ì› ì†Œë¦¬ì— ì•„ì¼ë¦¿ì˜ ì‹¬ì¥ì´ lub-dubğŸ’“ìê¾¸ë§Œ ë›°ì–´

240328 @ ì— ì¹´ìš´íŠ¸ë‹¤ìš´
#ILLIT #ì•„ì¼ë¦¿
#SUPER_REAL_ME #Magnetic #MyWorld https://t.co/LHULPO6gkk",https://pbs.twimg.com/media/GJwI9vlbkAArZa4.jpg,https://pbs.twimg.com/media/GJwI-iKaMAAaSn2.jpg,,
https://x.com/_/status/1773299840895635769,2024/03/28 10:43:23,"[VIDEO] 
#ILLIT (#ì•„ì¼ë¦¿) - Magnetic @ ì— ì¹´ìš´íŠ¸ë‹¤ìš´

(https://t.co/1DgBD5B89y)",,,,
https://x.com/_/status/1773269471076991102,2024/03/28 08:42:42,"ILLIT (ì•„ì¼ë¦¿) â€˜Magneticâ€™ Dance Practice (Short Ver.) #ILLIT #ì•„ì¼ë¦¿ #Magnetic #SUPER_REAL_ME

(https://t.co/BXkJ9yX5X2)",,,,
https://x.com/_/status/1773261303739502717,2024/03/28 08:10:15,"ILLIT (ì•„ì¼ë¦¿) 'Magnetic' Dance Practice (Fix Ver.)

(https://t.co/EH7Tupw6EK)

#ILLIT #ì•„ì¼ë¦¿
#SUPER_REAL_ME #Magnetic",,,,
https://x.com/_/status/1773258774855258574,2024/03/28 08:00:12,"ILLIT (ì•„ì¼ë¦¿) â€˜Magneticâ€™ Dance Practice (Moving Ver.)

(https://t.co/UwZ2aBwTF0)

#ILLIT #ì•„ì¼ë¦¿
#SUPER_REAL_ME #Magnetic",,,,
https://x.com/_/status/1773229188046098857,2024/03/28 06:02:38,"MV behind the scenesâœ¨ ì•„ì¼ë¦¿ì—ê²Œë¡œ ìŠˆí¼ ì´ëŒë¦¼ğŸ§² #ILLIT #ì•„ì¼ë¦¿ #Magnetic #SUPER_REAL_ME

(https://t.co/85FCTFty1f)",,,,
https://x.com/_/status/1773214352759312490,2024/03/28 05:03:41,"SUPER REAL movingğŸ’¨ #ILLIT #ì•„ì¼ë¦¿ #Magnetic #SUPER_REAL_ME

(https://t.co/l5snzz2Mjq)",,,,
https://x.com/_/status/1773168130711265426,2024/03/28 02:00:00,"[EVENT]
ì•„ì¼ë¦¿(ILLIT) 1st Mini Album â€˜SUPER REAL MEâ€™ íŒ¬ì‚¬ì¸íšŒ ì•ˆë‚´ (ì¼€ì´íƒ€ìš´í¬ìœ )

(https://t.co/fEnTnkU7z7)

#ILLIT #ì•„ì¼ë¦¿
#SUPER_REAL_ME",,,,
https://x.com/_/status/1772964284860948834,2024/03/27 12:30:00,"ILLIT is on the cover of @AmazonMusic's Fresh K-Pop playlist
Check out â€˜Magneticâ€™ and 'SUPER REAL ME' here!  

ğŸ’¿ https://t.co/1yzBXSlmrA
ğŸ§² https://t.co/elp75tPyRU

#ILLIT #ì•„ì¼ë¦¿
#SUPER_REAL_ME #Magnetic
@Amazonmusicjp https://t.co/SBp3nbn1Gt",https://pbs.twimg.com/media/GJrRfl6bwAAG0gz.jpg,,,
https://x.com/_/status/1772956800448356614,2024/03/27 12:00:15,"ë‹¤ë“¤ ì•„ì¼ë¦¿ ì•„ì¼ë¦¿ í•˜ê¸¸ë˜ ì–¼ë§ˆë‚˜ ì˜ˆìœì§€ ë´¤ëŠ”ë°
ì•„ì¼ë¦¿ ì•„ì¼ë¦¿

â€˜Magneticâ€™ MV ë¹„í•˜ì¸ë“œğŸ§²
(https://t.co/razjWQa2Sn)

#ILLIT #ì•„ì¼ë¦¿
#SUPER_REAL_ME #Magnetic",,,,
https://x.com/_/status/1772949185429467410,2024/03/27 11:30:00,"[#DAILY_IT]
ì•„ì¼ë¦¿ ğŸ€ì²« ë‹¨ì²´ ì˜ˆëŠ¥ğŸ€ ìŠ¤ê»„í•˜ê²Œ ì°ê³ ì™”ë‹¤!!!
SUPER ì¬ë°Œì—ˆìŠµë‹ˆë‹¤ğŸ’

240327 @ ì£¼ê°„ì•„ì´ëŒ
#ILLIT #ì•„ì¼ë¦¿ https://t.co/zxEkcyeV49",https://pbs.twimg.com/media/GJrHOTnbwAAQCMu.jpg,https://pbs.twimg.com/media/GJrHTSYawAA1HJi.jpg,,
https://x.com/_/status/1772944153011220620,2024/03/27 11:10:00,"[EVENT]
240329 KBS ë®¤ì§ë±…í¬ ì°¸ì—¬ ì•ˆë‚´

(https://t.co/PFchVvUj9K)

#ILLIT #ì•„ì¼ë¦¿
#SUPER_REAL_ME",,,,
https://x.com/_/status/1772942652956459130,2024/03/27 11:04:02,"ë§Œë‚˜ì„œ ë°˜ê°€ì›ŒuuuuğŸ’ŸÂ #ILLIT #ì•„ì¼ë¦¿ #MagneticÂ #SUPER_REAL_ME 

(https://t.co/U8424JGxcp)",,,,
https://x.com/_/status/1772942548362727653,2024/03/27 11:03:37,"ILLITÂ ì‹¬ì¥ì´ ë§‰ ë›°ì–´ğŸ’“Â #ILLIT #ì•„ì¼ë¦¿ #MagneticÂ #SUPER_REAL_ME

(https://t.co/o19lvnDVnX)",,,,
https://x.com/_/status/1772926582992089182,2024/03/27 10:00:11,"ì•„ì¼ë¦¿ì´ë‘ ë®¤ì§ ë¹„ë””ì˜¤ ê°™ì´ ë³¼ ì‚¬ëŒ?ğŸ™‹â€â™€ï¸
ã„´ UUUUUUUU

ILLIT (ì•„ì¼ë¦¿) â€˜Magneticâ€™ MV Reaction
(https://t.co/HCWC6DmsNb)

#ILLIT #ì•„ì¼ë¦¿
#SUPER_REAL_ME #Magnetic",,,,
https://x.com/_/status/1772896343671062756,2024/03/27 08:00:01,"[Behind Cut ğŸ“¸] 
ILLIT (ì•„ì¼ë¦¿) 'Magnetic' MV Shoot 

(https://t.co/KLvPVBdrTM)

#ILLIT #ì•„ì¼ë¦¿ 
#SUPER_REAL_ME #Magnetic",,,,
https://x.com/_/status/1772866976768991460,2024/03/27 06:03:20,"try this SUPER REAL spedup verğŸ’… #ILLIT #ì•„ì¼ë¦¿ #Magnetic #SUPER_REAL_ME

(https://t.co/U9CojPJOaj)",,,,
https://x.com/_/status/1772851042117648854,2024/03/27 05:00:01,"ILLIT is on the cover of @Spotify's Girl Krush playlist
Go give â€˜Magneticâ€™ and the album 'SUPER REAL ME' a listen ğŸ§

ğŸ’¿ https://t.co/qj79EQWvZH
ğŸ§² https://t.co/jUfmZ2imWt

#ILLIT #ì•„ì¼ë¦¿
#SUPER_REAL_ME #Magnetic
@SpotifyKR @SpotifyKpop https://t.co/Ni3kpBmXTn",https://pbs.twimg.com/media/GJpnMBQacAA3lYc.jpg,,,
https://x.com/_/status/1772820853899588033,2024/03/27 03:00:03,"[NOTICE] 
ì•„ì¼ë¦¿(ILLIT) íŒ¬í´ëŸ½ëª… ê³µëª¨ ì•ˆë‚´ (+0327 ìˆ˜ì •) 

(https://t.co/UelxPKLiYW) 

#ILLIT #ì•„ì¼ë¦¿",,,,
https://x.com/_/status/1772805744997392769,2024/03/27 02:00:01,"[EVENT]
ì•„ì¼ë¦¿(ILLIT) 1st Mini Album â€˜SUPER REAL MEâ€™ íŒ¬ì‚¬ì¸íšŒ ì•ˆë‚´ (ë®¤ì§ì•¤ë“œë¼ë§ˆ)

(https://t.co/D9YhijmfLl)

#ILLIT #ì•„ì¼ë¦¿
#SUPER_REAL_ME",,,,
https://x.com/_/status/1772610226916606219,2024/03/26 13:03:06,"3rd Magnetic dance ğŸ•º #ILLIT #ì•„ì¼ë¦¿ #Magnetic #SUPER_REAL_ME

(https://t.co/ExXp0Bir2z)",,,,
https://x.com/_/status/1772594438172274914,2024/03/26 12:00:21,"ìŠˆí¼ ë¦¬ì–¼ ë–¨ë ¸ë˜ ë°ë·”ë‚ ..ğŸ«¨
ì•ìœ¼ë¡œë„ ì­‰ í•¨ê»˜ í•´ì£¼ì‹¤ê±°ì£ ?ğŸ’“skrrrğŸ¦‹

ë°ë·”ì¼ ë¹„í•˜ì¸ë“œâœ…
(https://t.co/DOADSrvTFP)

#ILLIT #ì•„ì¼ë¦¿
#SUPER_REAL_ME #Magnetic",,,,
https://x.com/_/status/1772586916078031128,2024/03/26 11:30:28,"[#DAILY_IT]
ì˜¤ëŠ˜ ì•„ì¼ë¦¿ì˜ ë°©ìœ¼ë¡œ ë†€ëŸ¬ì™€ ì£¼ì…”ì„œ ê°ì‚¬í•©ë‹ˆë‹¤! ì•ìœ¼ë¡œ í•¨ê»˜ Let's go let's go! Let's go let's go!ğŸ§²ğŸ€

240326 @ Debut LIVE
#ILLIT #ì•„ì¼ë¦¿ https://t.co/dn4w3cb0qA",https://pbs.twimg.com/media/GJl9j26akAAyk4G.jpg,,,
https://x.com/_/status/1772549206076706994,2024/03/26 09:00:37,"ì•„ì¼ë¦¿(ILLIT) 1st Mini Album â€˜SUPER REAL MEâ€™
â€˜Magneticâ€™ Official MV ìœ íŠœë¸Œ ì‡¼í•‘ íŠ¹ì „ ì•ˆë‚´

ğŸ—“ íŒë§¤ ê¸°ê°„
03/25 (ì›”) 18:00 ~ 03/31 (ì¼) 22:00 (KST)

ğŸ íŠ¹ì „
â€˜SUPER REAL MEâ€™ ì•¨ë²” êµ¬ë§¤ ì‹œ ë¯¸ê³µê°œ í¬í† ì¹´ë“œ 5ì¢… ì¤‘ 1ì¢… ì¦ì • (êµ¬ë§¤ ìˆ˜ëŸ‰ 1:1 ì¦ì •)
â€˜SUPER REAL MEâ€™ ì•¨ë²” ì„¸íŠ¸ êµ¬ë§¤ì‹œ ë¯¸ê³µê°œ ë‹¨ì²´ í¬í† ì¹´ë“œ 1ì¢… ì¶”ê°€ ì¦ì •
â€» ì•¨ë²” ë²„ì „ë³„ ì¦ì • ì´ë¯¸ì§€ëŠ” ëª¨ë‘ ë™ì¼í•©ë‹ˆë‹¤.

â€˜Magneticâ€™ MV ë‚´ íƒœê·¸ëœ ì œí’ˆì„ í†µí•´ Weverse Shopì—ì„œ êµ¬ë§¤í•´ë³´ì„¸ìš”!
(https://t.co/Cx6dX4A4HV)

#ILLIT #ì•„ì¼ë¦¿
#SUPER_REAL_ME #Magnetic",,,,
https://x.com/_/status/1772505104999932199,2024/03/26 06:05:23,"Like It's MagneticğŸ’Ÿ #ILLIT #ì•„ì¼ë¦¿ #Magnetic #SUPER_REAL_ME

(https://t.co/Elc9yf7jSQ)",,,,
https://x.com/_/status/1772503999968923779,2024/03/26 06:00:59,"[NOTICE] 
ì•„ì¼ë¦¿ íŒ¬ë ˆí„° ì „ë‹¬ ì•ˆë‚´

(https://t.co/QIWuLj9Ky0)

#ILLIT #ì•„ì¼ë¦¿",,,,
https://x.com/_/status/1772503943907791172,2024/03/26 06:00:46,"[NOTICE] 
ì•„ì¼ë¦¿ íŒ¬ ì—í‹°ì¼“ ì•ˆë‚´ 

(https://t.co/hQ2g6MQ3d8)

#ILLIT #ì•„ì¼ë¦¿",,,,
https://x.com/_/status/1772466088552390893,2024/03/26 03:30:20,"[EVENT] 
240328 Mnet ì— ì¹´ìš´íŠ¸ë‹¤ìš´ ì°¸ì—¬ ì•ˆë‚´

(https://t.co/e96swXhmxJ)

#ILLIT #ì•„ì¼ë¦¿",,,,
https://x.com/_/status/1772443549071474979,2024/03/26 02:00:47,"ILLIT 1st Mini Album â€˜SUPER REAL MEâ€™ DEBUT LIVEğŸ’˜ 

3ì›” 26ì¼(í™”) ì €ë… 7ì‹œ
ì•„ì¼ë¦¿ì˜ ë°©ìœ¼ë¡œ ë†€ëŸ¬ ì˜¬ë˜ìš”?ğŸ§¸

ğŸ§² NAVER Shopping LIVE (https://t.co/E5gHIR1Lc1)
ğŸ§² Weverse LIVE (https://t.co/XgyWevh30Q)

#ILLIT #ì•„ì¼ë¦¿
#SUPER_REAL_ME",,,,
https://x.com/_/status/1772443402782544225,2024/03/26 02:00:12,"[EVENT]
ì•„ì¼ë¦¿(ILLIT) 1st Mini Album â€˜SUPER REAL MEâ€™ íŒ¬ì‚¬ì¸íšŒ ì•ˆë‚´ (ë¸”ë£¨ë“œë¦¼ë¯¸ë””ì–´)

(https://t.co/SEByxylnyW)

#ILLIT #ì•„ì¼ë¦¿
#SUPER_REAL_ME",,,,
https://x.com/_/status/1772257134211903521,2024/03/25 13:40:02,"[#DAILY_IT] 
240325 ì•„ì¼ë¦¿ì˜ ì²˜ìŒì„ í•¨ê»˜í•´ ì£¼ì…”ì„œ ê°ì‚¬í•©ë‹ˆë‹¤!ğŸ’˜ ì˜¤ëŠ˜ë¶€í„° ì•„ì¼ë¦¿ì— ìŠˆí¼ ì´ëŒë¦¼..?ğŸ§² 

@ Debut Show &amp; Debut Showcase
#ILLIT #ì•„ì¼ë¦¿ https://t.co/YbfnMa4kqj",https://pbs.twimg.com/media/GJhOxUOaQAAWtiw.jpg,https://pbs.twimg.com/media/GJhOy1raYAA1dLm.jpg,https://pbs.twimg.com/media/GJhO0q7bgAAFZxA.jpg,
https://x.com/_/status/1772224529982787819,2024/03/25 11:30:28,"ì•„ì¼ë¦¿(ILLIT) Debut Showcase 'SUPER REAL ME'

ğŸ€ 2024.03.25(Mon) 9PM (KST)
â–¶ Live Streaming
HYBE LABELS YouTube https://t.co/dFemYAqDeC
Weverse https://t.co/bumj4GAYls
Melon app https://t.co/4sT0YMK9k7

#ILLIT #ì•„ì¼ë¦¿ https://t.co/dmzD7pGedf",https://pbs.twimg.com/media/GJg0aGdbEAAkngW.jpg,,,
https://x.com/_/status/1772223381850755204,2024/03/25 11:25:55,"[VIDEO] 
#ILLIT (#ì•„ì¼ë¦¿) - Magnetic @ ILLIT : I'LL (SHOW) IT

(https://t.co/YSloYtrkw6)",,,,
https://x.com/_/status/1772217814809792906,2024/03/25 11:03:47,"THIS TIME ILLIT WANTSğŸ©· #ILLIT #ì•„ì¼ë¦¿ #Magnetic #SUPER_REAL_ME

(https://t.co/2YTNnVz479)",,,,
https://x.com/_/status/1772194299549229143,2024/03/25 09:30:21,"ğŸ’­ë°ë·” ì‡¼ì¼€ì´ìŠ¤ì—ì„œ ì™¸ì³ì£¼ì‹œë©´ ì¢‹ê² ë‹¤ ...ğŸ’–

ILLIT (ì•„ì¼ë¦¿) â€˜Magneticâ€™ ì‘ì›ë²•
(https://t.co/khcjIA12P4)

#ILLIT #ì•„ì¼ë¦¿
#SUPER_REAL_ME #Magnetic",,,,
https://x.com/_/status/1772194237758706083,2024/03/25 09:30:06,"[GUIDE]
'My World' ì‘ì›ë²•

(https://t.co/W1Q3j4qOAw)

#ILLIT #ì•„ì¼ë¦¿
#SUPER_REAL_ME #MyWorld",,,,
https://x.com/_/status/1772194213624750218,2024/03/25 09:30:00,"[GUIDE]
'Magnetic' ì‘ì›ë²•

(https://t.co/qr5KEfCHx0)

#ILLIT #ì•„ì¼ë¦¿
#SUPER_REAL_ME #Magnetic",,,,
https://x.com/_/status/1772189272973435308,2024/03/25 09:10:23,"[EVENT]
ì•„ì¼ë¦¿(ILLIT) 1st Mini Album â€˜SUPER REAL MEâ€™ 
ë°œë§¤ ê¸°ë… M/V ìŠ¤íŠ¸ë¦¬ë° ì´ë²¤íŠ¸ ì•ˆë‚´

(https://t.co/FbUPxj3Ys6)

#ILLIT #ì•„ì¼ë¦¿
#SUPER_REAL_ME",,,,
https://x.com/_/status/1772189232418701661,2024/03/25 09:10:13,"[EVENT] 
ì•„ì¼ë¦¿(ILLIT) 1st Mini Album â€˜SUPER REAL MEâ€™ 
ë°œë§¤ ê¸°ë… ìŒì› ë‹¤ìš´ë¡œë“œ ì´ë²¤íŠ¸ ì•ˆë‚´

(https://t.co/QMcQoThWst)

#ILLIT #ì•„ì¼ë¦¿
#SUPER_REAL_ME",,,,
https://x.com/_/status/1772189198918824286,2024/03/25 09:10:05,"[EVENT]
ì•„ì¼ë¦¿(ILLIT) 1st Mini Album â€˜SUPER REAL MEâ€™ 
ë°œë§¤ ê¸°ë… ìŒì› ìŠ¤íŠ¸ë¦¬ë° ì´ë²¤íŠ¸ ì•ˆë‚´

(https://t.co/odvWe1x1A1)

#ILLIT #ì•„ì¼ë¦¿
#SUPER_REAL_ME",,,,
https://x.com/_/status/1772171659715166222,2024/03/25 08:00:23,"ì•„ì¼ë¦¿(ILLIT) : I'LL (SHOW) IT ì´ ì˜¤í›„ 7ì‹œë¶€í„° ìµœì´ˆê³µê°œ ë©ë‹ˆë‹¤!
Watch 'ì•„ì¼ë¦¿(ILLIT) : I'LL (SHOW) IT' here at 7:00 PM (KST)
(https://t.co/UktiRX8ON8)

#ILLIT #ì•„ì¼ë¦¿ 
#ILLIT_ILL_SHOW_IT",,,,
https://x.com/_/status/1772164012559466600,2024/03/25 07:30:00,"[EVENT]
ì•„ì¼ë¦¿(ILLIT) â€˜SUPER REAL MEâ€™ LUCKY DRAW ì´ë²¤íŠ¸ ì•ˆë‚´

(https://t.co/vfjfYrWK72)

#ILLIT #ì•„ì¼ë¦¿
#SUPER_REAL_ME",,,,
https://x.com/_/status/1772096223320932752,2024/03/25 03:00:38,"#ILLIT ì˜ â€˜Magneticâ€™ ë®¤ì§ë¹„ë””ì˜¤ê°€
ì˜¤ëŠ˜ (3/25) ì˜¤í›„ 6ì‹œ HYBE LABELS YouTubeì—ì„œ ìµœì´ˆê³µê°œ ë©ë‹ˆë‹¤!

Countdown begins:ğŸ—“ Mar 25, 17:58 PM (KST)
Official MV begins:ğŸ—“ Mar 25, 18:00 PM (KST)
(https://t.co/5WIPG01lNQ)

#ì•„ì¼ë¦¿ #SUPER_REAL_ME #Magnetic",,,,
https://x.com/_/status/1772080969756872822,2024/03/25 02:00:01,"[EVENT]
ì•„ì¼ë¦¿(ILLIT) 1st Mini Album â€˜SUPER REAL MEâ€™ íŒ¬ì‚¬ì¸íšŒ ì•ˆë‚´ (ì— íˆ¬ìœ )

(https://t.co/BWVcP3tZXV)

#ILLIT #ì•„ì¼ë¦¿
#SUPER_REAL_ME",,,,
https://x.com/_/status/1771824855819690414,2024/03/24 09:02:19,"our SUPER REAL debut D-1â˜ï¸ #ILLIT #ì•„ì¼ë¦¿ #SUPER_REAL_ME

(https://t.co/mYaxNQ7hRx)",,,,
https://x.com/_/status/1771100964738515170,2024/03/22 09:05:50,"Magnetic previewğŸ§ #ILLIT #ì•„ì¼ë¦¿ #SUPER_REAL_ME

(https://t.co/oBnNrntUt9)",,,,
https://x.com/_/status/1771009039314600045,2024/03/22 03:00:33,"[NOTICE]
ì•„ì¼ë¦¿(ILLIT) Debut Showcase â€˜SUPER REAL MEâ€™ Weverse LIVE ì§„í–‰ ì•ˆë‚´

(https://t.co/SVvrh0r7C8)

#ILLIT #ì•„ì¼ë¦¿
#SUPER_REAL_ME",,,,
https://x.com/_/status/1769906640382280069,2024/03/19 02:00:00,"[EVENT]
ì•„ì¼ë¦¿(ILLIT) 1st Mini Album â€˜SUPER REAL MEâ€™ íŒ¬ì‚¬ì¸íšŒ ì•ˆë‚´ (ë©”ì´í¬ìŠ¤íƒ€)

(https://t.co/AQeoX613hf)

#ILLIT #ì•„ì¼ë¦¿
#SUPER_REAL_ME",,,,
https://x.com/_/status/1769550549857493067,2024/03/18 02:25:02,"[NOTICE] 
#ILLIT â€˜SUPER REAL ME (Weverse Albums ver.)â€™ ì˜ˆì•½êµ¬ë§¤ ë§í¬ ì•ˆë‚´

â–¶ìœ„ë²„ìŠ¤ìƒµ
ìœ„ë²„ìŠ¤ë°˜: https://t.co/jK64afvIIX
ì¼ë°˜ë°˜(Set)+ìœ„ë²„ìŠ¤ë°˜ Set: https://t.co/mEKZakCIDP

â–¶ì˜ˆìŠ¤24
ìœ„ë²„ìŠ¤ë°˜: https://t.co/axv57WORci
ì¼ë°˜ë°˜(Set)+ìœ„ë²„ìŠ¤ë°˜ Set: https://t.co/4bHfajFz7l",,,,
https://x.com/_/status/1769544254429245599,2024/03/18 02:00:01,"[NOTICE]
ILLIT 1st Mini Album â€˜SUPER REAL ME (Weverse Albums ver.)â€™ ë°œë§¤ ë° ì˜ˆì•½ íŒë§¤ ì•ˆë‚´

(https://t.co/HESeyr3u7n)

#ILLIT #ì•„ì¼ë¦¿
#SUPER_REAL_ME",,,,
https://x.com/_/status/1769317837305483756,2024/03/17 11:00:19,"ë°¸ëŸ°ìŠ¤ ê²Œì„ í•´ë³´ì 
í’€ë©”í•˜ê³  ì ì˜·ì…ê¸° (ë¦¬íŠ¸ìœ—) vs ë¯¼ë‚¯ì— ì°¨ë ¤ì…ê¸° (ë§ˆìŒ)

ì•„ì¼ë¦¿ì˜ ì„ íƒì€ SUPER REAL ME Film &amp; Logo Film ë¹„í•˜ì¸ë“œì—ì„œ í™•ì¸!
(https://t.co/pPyyEb4amz)

#ILLIT #ì•„ì¼ë¦¿
#SUPER_REAL_ME",,,,
https://x.com/_/status/1768910076356473244,2024/03/16 08:00:01,"[Behind Cut ğŸ“¸] 
ILLIT SUPER REAL ME Film &amp; Logo Film 

(https://t.co/LZR1E9wQ7G)

#ILLIT #ì•„ì¼ë¦¿ 
#SUPER_REAL_ME",,,,
https://x.com/_/status/1768306874766791135,2024/03/14 16:03:07,SS24 collection @Acnestudios #ILLIT #ì•„ì¼ë¦¿ https://t.co/daf4PhPapu,https://pbs.twimg.com/media/GIo-abKaEAA7Hnn.jpg,https://pbs.twimg.com/media/GIo-bVlbAAAaJlL.jpg,,
https://x.com/_/status/1766418736297488809,2024/03/09 11:00:19,"ì•„ì¼ë¦¿ ë¹„í•˜ì¸ë“œ ì‚¬ê±´
: ì•„ì¼ë¦¿ì´ ë¹„í•˜ì¸ë“œ ì˜ìƒì„ í™”ë³´ì§‘ìœ¼ë¡œ ë§Œë“¤ì–´ë²„ë¦° ì‚¬ê±´ì´ë‹¤.

â€˜SUPER REAL MEâ€™ ì½˜ì…‰íŠ¸ í¬í†  ì´¬ì˜ ë¹„í•˜ì¸ë“œğŸ“·
(https://t.co/GrEKNOGPY2)

#ILLIT #ì•„ì¼ë¦¿
#SUPER_REAL_ME",,,,
https://x.com/_/status/1766358859336274216,2024/03/09 07:02:24,"out fit check #ILLIT #ì•„ì¼ë¦¿ #SUPER_REAL_ME

(https://t.co/7qEo827RTx)",,,,
https://x.com/_/status/1766041254222250111,2024/03/08 10:00:21,"[Behind Cut ğŸ“¸] 
ILLIT â€˜SUPER REAL MEâ€™ Concept Photo

(https://t.co/MnMkLtmolV)

#ILLIT #ì•„ì¼ë¦¿ 
#SUPER_REAL_ME",,,,
https://x.com/_/status/1765709558872477739,2024/03/07 12:02:18,"SUPER heartsğŸ’— #ILLIT #ì•„ì¼ë¦¿ #SUPER_REAL_ME

(https://t.co/LQrAzdOjiQ)",,,,
https://x.com/_/status/1765347137410506946,2024/03/06 12:02:10,"first LOVEâ˜†.ï½¡ï½¥:* #ILLIT #ì•„ì¼ë¦¿ #SUPER_REAL_ME

(https://t.co/jXc5yhltNW)",,,,
https://x.com/_/status/1764969143940632644,2024/03/05 11:00:10,"ì•„ì¼ë¦¿ ë¹„í•˜ì¸ë“œë¥¼ ë³´ë©´ ì•ë‹ˆê°€ ë§ˆì¤‘ë‚˜ì˜¨ë‹¤ëŠ” ì–˜ê¸°ê°€ ìˆë‹¤.
ë‚˜ëŠ” ì´ ì´ì•¼ê¸°ë¥¼ ë¬´ì²™ ì¢‹ì•„í•œë‹¤.

SUPER REAL ME ë¸Œëœë“œ í•„ë¦„ ì´¬ì˜ ë¹„í•˜ì¸ë“œ
(https://t.co/YEHfLi9pdx)

#ILLIT #ì•„ì¼ë¦¿ 
#SUPER_REAL_ME",,,,
https://x.com/_/status/1764954059193401383,2024/03/05 10:00:13,"[Behind Cut ğŸ“¸] 
ILLIT â€˜SUPER REAL MEâ€™ Brand Film

(https://t.co/5GXbIBx8gw)

#ILLIT #ì•„ì¼ë¦¿ 
#SUPER_REAL_ME",,,,
https://x.com/_/status/1764244754186055690,2024/03/03 11:01:42,"3 days in Paris ğŸ‡«ğŸ‡· #ILLIT #ì•„ì¼ë¦¿

(https://t.co/F35KCo6rTM)",,,,
https://x.com/_/status/1763761202352775218,2024/03/02 03:00:14,"[NOTICE]
ì•„ì¼ë¦¿(ILLIT) íŒ¬í´ëŸ½ëª… ê³µëª¨ ì•ˆë‚´

(https://t.co/UelxPKLQOu)

#ILLIT #ì•„ì¼ë¦¿
#SUPER_REAL_ME",,,,
https://x.com/_/status/1762658930256388251,2024/02/28 02:00:12,"[NOTICE]
ILLIT â€˜SUPER REAL MEâ€™ Weverse Shop GLOBAL ì˜ˆì•½ êµ¬ë§¤ì ëŒ€ìƒ ë°ë·” ì‡¼ì¼€ì´ìŠ¤ ì´ˆì²­ ì•ˆë‚´

(https://t.co/q9694rJwtm)

#ILLIT #ì•„ì¼ë¦¿
#SUPER_REAL_ME",,,,
https://x.com/_/status/1762402282816324045,2024/02/27 09:00:22,"Nice To See You, ILLIT!

(https://t.co/DZXvKJR1vA)

#ILLIT #ì•„ì¼ë¦¿
#SUPER_REAL_ME",,,,
https://x.com/_/status/1761939602259272068,2024/02/26 02:21:51,"Pre-order and Pre-save ILLIT's 'SUPER REAL ME'

(https://t.co/gSWbW0pEKM)

*Additional retailers will be updated accordingly.
*Check out the exclusives
  â­ US &amp; EU
  â­ Target
  â­ WeverseUS

#ILLIT #ì•„ì¼ë¦¿ 
#SUPER_REAL_ME",,,,
https://x.com/_/status/1761937518793261488,2024/02/26 02:13:34,"[NOTICE] 
#ILLIT â€˜SUPER REAL MEâ€™ ì˜ˆì•½êµ¬ë§¤ ë§í¬ ì•ˆë‚´

â–¶ìœ„ë²„ìŠ¤ìƒµ
ì¼ë°˜ë°˜(Random): https://t.co/VEPymSOosB
ì¼ë°˜ë°˜(Set): https://t.co/MgYGyVksSR

â–¶ì˜ˆìŠ¤24
ì¼ë°˜ë°˜(Random): https://t.co/rrN7o6d5pV
ì¼ë°˜ë°˜(Set): https://t.co/TMFfR9gHll",,,,
https://x.com/_/status/1761934118240285000,2024/02/26 02:00:03,"[NOTICE] 
ILLIT 1st Mini Album â€˜SUPER REAL MEâ€™ ì˜ˆì•½ íŒë§¤ ì•ˆë‚´

(https://t.co/su5WlyHMfE)

#ILLIT #ì•„ì¼ë¦¿
#SUPER_REAL_ME",,,,
https://x.com/_/status/1761919021472252240,2024/02/26 01:00:04,"[NOTICE] 
ILLIT 1st Mini Album â€˜SUPER REAL MEâ€™ ë°œë§¤ ë° ë°ë·” ì‡¼ì¼€ì´ìŠ¤ ê°œìµœ ì•ˆë‚´

(https://t.co/sjHLz1BvBO)

#ILLIT #ì•„ì¼ë¦¿
#SUPER_REAL_ME",,,,
https://x.com/_/status/1759895758298649010,2024/02/20 11:00:20,"[Iâ€™LL-IT Ready]
To. Iâ€™LL-IT From. Iâ€™LL-IT
(https://t.co/4Pz5GG0sWt)

#ILLIT #ì•„ì¼ë¦¿ #ILLIT_Ready",,,,
https://x.com/_/status/1757359033693143474,2024/02/13 11:00:18,"[Iâ€™LL-IT Ready] EP.4
ìš°ë¦° ì¤€ë¹„ì™„ë£Œ!
(https://t.co/40twTyF5jK)

#ILLIT #ì•„ì¼ë¦¿ #ILLIT_Ready",,,,
https://x.com/_/status/1756619178860277793,2024/02/11 10:00:23,"í•œë³µ ì…ì€ ì•„ì¼ë¦¿ì„ ë³¼ ìˆ˜ ìˆì„ê±°ë¼ ìƒê°í•œ ì ì´ ìˆìŠµë‹ˆê¹Œ?
ì¼ì–´ë‚  ìˆ˜ ìˆìœ¼ë‹ˆ ê°ì˜¤í•´ë¼.

í•œë³µ ì•„ì¼ë¦¿ ë“±ì¥.
(https://t.co/jdt3thmY6z)

#ILLIT #ì•„ì¼ë¦¿",,,,
https://x.com/_/status/1754822310161531193,2024/02/06 11:00:16,"[Iâ€™LL-IT Ready] EP.3
ì²« í™ˆ íŒŒí‹° Ready!
(https://t.co/SQj1uak5qS)

#ILLIT #ì•„ì¼ë¦¿ #ILLIT_Ready",,,,
https://x.com/_/status/1753795518906695704,2024/02/03 15:00:10,"HAPPY BIRTHDAY TO IROHAğŸ‚
ì´ë¡œí•˜ ìƒì¼ ì¶•í•˜í•´ğŸ¦‹

#HAPPY_IROHA_DAY
#ILLIT #ì•„ì¼ë¦¿ #ì´ë¡œí•˜ #IROHA https://t.co/pw8lwm3t4I",https://video.twimg.com/ext_tw_video/1753791249931448320/pu/vid/avc1/1080x1920/i_2QCOezypl2aI-6.mp4?tag=14,,,
https://x.com/_/status/1752285643475239134,2024/01/30 11:00:27,"[Iâ€™LL-IT Ready] EP.2
Iâ€™LL-IT ììœ ì‹œê°„ì— ì§„ì‹¬ì¸ í¸
(https://t.co/A8Do8z0WVA)

#ILLIT #ì•„ì¼ë¦¿ #ILLIT_Ready",,,,
https://x.com/_/status/1749748905674506384,2024/01/23 11:00:22,"[Iâ€™LL-IT Ready] EP.1
ì¤€ë¹„ ëë‚˜ìš”? Iâ€™LL-IT Ready!
(https://t.co/D3TGMyKjai)

#ILLIT #ì•„ì¼ë¦¿ #ILLIT_Ready",,,,
https://x.com/_/status/1747212185770832104,2024/01/16 11:00:21,"[Iâ€™LL-IT Ready] TEASER
(https://t.co/LpjLpXBoH5)

#ILLIT #ì•„ì¼ë¦¿ #ILLIT_Ready",,,,
https://x.com/_/status/1746547755328385179,2024/01/14 15:00:08,"HAPPY BIRTHDAY TO YUNAH ğŸ‚
ìœ¤ì•„ ìƒì¼ ì¶•í•˜í•´ğŸ˜

#HAPPY_YUNAH_DAY
#ILLIT #ì•„ì¼ë¦¿ #ìœ¤ì•„ #YUNAH https://t.co/NRZl9wOr0Y",https://video.twimg.com/ext_tw_video/1746541126482636800/pu/vid/avc1/1080x1920/mi4TGIa14zJghxpK.mp4?tag=14,,,
https://x.com/_/status/1746487400342401273,2024/01/14 11:00:19,"ë‹¤í•¨ê»˜ ì™¸ì³ë³¼ê¹Œìš”?
â›â› ë§‰ë‚´ì¦ˆ ì§„ì§œ ê·€ì—½ë‹¤..âœâœ 

ì•„ì¼ë¦¿ í™”ì œì‘ ìŠ¬ë¦­ë°± ë¹„í•˜ì¸ë“œ ğŸƒâ€â™€ï¸ğŸ’¨ğŸ’¨
(https://t.co/qDxMhR2yfq)

#ILLIT #ì•„ì¼ë¦¿",,,,
https://x.com/_/status/1738877239750709360,2023/12/24 11:00:15,"[2023 ê²¨ìš¸ ë…¸ë˜ ë°œí‘œíšŒ]
â€˜ë•¡ë²Œ, ìš°ë¦¬ì§‘, ì•ˆ ì¢‹ì„ ë•Œ ë“¤ìœ¼ë©´ ë” ì•ˆ ì¢‹ì€ ë…¸ë˜â€™ê°€ ê²¨ìš¸ ë…¸ë˜ë¼ê³  ìš°ê²¨ë³¸ ì° í‘¼ë‹¤.lit

(https://t.co/n8VCOGgSj6)

#ILLIT #ì•„ì¼ë¦¿ #í•´í”¼í™€ë¦¬ë°ì´ #HAPPYHOLIDAYS",,,,
https://x.com/_/status/1735253352756437043,2023/12/14 11:00:13,"ì‚¬ëŒì´ì—ˆë‹¤ê°€..
30ì´ˆ í›„ì— ì˜·ê±¸ì´ì—ˆë‹¤ê°€..
1ë¶„ í›„ì—” ì˜ˆìˆ  ì‘í’ˆì´ ë˜ëŠ” ê²ƒì€?

ì •ë‹µ : ì•„ì¼ë¦¿ ìœ¤ì•„ 

(https://t.co/OLsYUhN53T)

#ILLIT #ì•„ì¼ë¦¿",,,,
https://x.com/_/status/1734528592124502489,2023/12/12 11:00:17,"ì•„ì¼ë¦¿ì´ ì‰¬ëŠ” ì‹œê°„ì— ë…¸ëŠ” ë²•.list
ã„´ ë°ˆ ë”°ë¼í•˜ê¸°
ã„´ ë°ˆ ì˜ ë”°ë¼í•˜ê¸°
ã„´ ë°ˆ ëë‚´ì£¼ê²Œ ë”°ë¼í•˜ê¸°
ã„´ ê·¼ë° ì˜ˆì˜ê¸°.. (â˜…ê°€ì¥ ì¤‘ìš”â˜…)

(https://t.co/EeuK7Pj6ID)

#ILLIT #ì•„ì¼ë¦¿",,,,
https://x.com/_/status/1733079045599093134,2023/12/08 11:00:18,"[Iâ€™LL LIKE IT!] BEHIND

ì•„ì§ ì €ë… ì•ˆ ë“œì‹  ë¶„?ğŸ™‹â€â™€ï¸
ë°¥ ì¹œêµ¬ ë„ì°©í•¨ğŸš ì•„ì¼ë¦¿ì´ë‘ ë³´ë©´ì„œ ê°™ì´ ë¨¹ì–´ìš”!! 

(https://t.co/UtOXhL6Gdm)

#ILLIT #ì•„ì¼ë¦¿",,,,
https://x.com/_/status/1730527189458956490,2023/12/01 10:00:08,"Iâ€™LL LIKE IT 6í™” ë¹„í•˜ì¸ë“œ ì‚¬ì§„ì´ ë„ì°©í–ˆìŠµë‹ˆë‹¤ğŸ’Œ

Iâ€™LL LIKE IT - EP.6 Behind Cut
(https://t.co/9Y1YaN9PAG) 

#ILLIT #ì•„ì¼ë¦¿ #ILL_LIKE_IT",,,,
https://x.com/_/status/1730154755878760952,2023/11/30 09:20:13,"ë” ì™„ë²½í•œ ê±°ìš¸ ì…€ì¹´ë¥¼ ìœ„í•œ ê´‘ê¸°ì˜ í¬í† ì¡´ ë§Œë“¤ê¸°

(https://t.co/ty58sm2Mi5)

#ILLIT #ì•„ì¼ë¦¿",,,,
https://x.com/_/status/1729455152569180475,2023/11/28 11:00:14,"[Iâ€™LL LIKE IT!] EP.6
ì—¬í–‰ ë§ˆì§€ë§‰ ë‚ !
(ì¶•) ì•¼ê°„ ìˆ˜ì˜ì¥ ê°œì¥ (í•˜)
(https://t.co/BUDbtng9V8)

#ILLIT #ì•„ì¼ë¦¿ #ILL_LIKE_IT",,,,
https://x.com/_/status/1727990479009255780,2023/11/24 10:00:09,"Iâ€™LL LIKE IT 5í™” ë¹„í•˜ì¸ë“œ ì‚¬ì§„ì´ ë„ì°©í–ˆìŠµë‹ˆë‹¤ğŸ’Œ

Iâ€™LL LIKE IT - EP.5 Behind Cut
(https://t.co/ECpPTg5UT1) 

#ILLIT #ì•„ì¼ë¦¿ #ILL_LIKE_IT",,,,
https://x.com/_/status/1727628203421048992,2023/11/23 10:00:36,"í„°í”„íŒ… ì›ë°ì´ í´ë˜ìŠ¤ í•˜ê³  ì˜´. (ì˜ ë§Œë“¤ì—ˆë‹¤ê³  í•´ì¤˜).

(https://t.co/thrZtgx6lD)

#ILLIT #ì•„ì¼ë¦¿ #ìœ¤ì•„ #YUNAH #ëª¨ì¹´ #MOKA",,,,
https://x.com/_/status/1726918425187095010,2023/11/21 11:00:11,"[Iâ€™LL LIKE IT!] EP.5
ê°ì„± FLEX ë°ì´!
ì—¬ê¸°ë¶€í„° ì €ê¸°ê¹Œì§€ ë‹¤~ ì£¼ì„¸ìš”
(https://t.co/wiLNnhdrdK)

#ILLIT #ì•„ì¼ë¦¿ #ILL_LIKE_IT",,,,
https://x.com/_/status/1725453750691864834,2023/11/17 10:00:06,"Iâ€™LL LIKE IT 4í™” ë¹„í•˜ì¸ë“œ ì‚¬ì§„ì´ ë„ì°©í–ˆìŠµë‹ˆë‹¤ğŸ’Œ

Iâ€™LL LIKE IT - EP.4 Behind Cut
(https://t.co/GzuwG6Fkz5) 

#ILLIT #ì•„ì¼ë¦¿ #ILL_LIKE_IT",,,,
https://x.com/_/status/1725091469239976252,2023/11/16 10:00:31,"ğ“†©ì•„ì¼ë¦¿ ì˜·ì¥ğ“†ª âˆ¿ à·† ìš°ë¦¬ì˜ íŠ¸ìœˆë£©!!

(https://t.co/Teezj3MTZF)

#ILLIT #ì•„ì¼ë¦¿ #ë¯¼ì£¼ #MINJU #ì˜ì„œ #YOUNGSEO",,,,
https://x.com/_/status/1724381752393875716,2023/11/14 11:00:21,"[Iâ€™LL LIKE IT!] EP.4
í° ê±° ì™”ë‹¤ã„·ã„·
ì´ˆë¸”ë¡(?)ë²„ìŠ¤í„° ë¯¸ì…˜ ëŒ€ì‘ì „  
(https://t.co/4NmF3qWWEQ)

#ILLIT #ì•„ì¼ë¦¿ #ILL_LIKE_IT",,,,
https://x.com/_/status/1723717301218762783,2023/11/12 15:00:04,"HAPPY BIRTHDAY TO YOUNGSEO ğŸ‚
ì˜ì„œ ìƒì¼ ì¶•í•˜í•´ğŸ’—

#HAPPY_YOUNGSEO_DAY
#ILLIT #ì•„ì¼ë¦¿ #ì˜ì„œ #YOUNGSEO https://t.co/Czcjw2E1T8",https://video.twimg.com/ext_tw_video/1723712548112117760/pu/vid/avc1/606x1078/hTC1kYGE-jlBOOhn.mp4?tag=12,,,
https://x.com/_/status/1722917100954742789,2023/11/10 10:00:21,"Iâ€™LL LIKE IT 3í™” ë¹„í•˜ì¸ë“œ ì‚¬ì§„ì´ ë„ì°©í–ˆìŠµë‹ˆë‹¤ğŸ’Œ

Iâ€™LL LIKE IT - EP.3 Behind Cut
(https://t.co/3hb7LbBRIZ) 

#ILLIT #ì•„ì¼ë¦¿ #ILL_LIKE_IT",,,,
https://x.com/_/status/1722554761025831129,2023/11/09 10:00:33,"ğŸ”’2023.11.9 ë‚¨ì‚°ì—ì„œ ì›í¬ë‘ ì´ë¡œí•˜ë‘ğŸ’•
(https://t.co/53himTywpF)

#ILLIT #ì•„ì¼ë¦¿ #ì›í¬ #WONHEE #ì´ë¡œí•˜ #IROHA",,,,
https://x.com/_/status/1721845081593016711,2023/11/07 11:00:32,"[Iâ€™LL LIKE IT!] EP.3
Iâ€™LL-IT? ì•„ë‹ˆì£  ì˜¤ëŠ˜ì€ Iâ€™LL-EAT!
(https://t.co/6o2bgXxlQt)

#ILLIT #ì•„ì¼ë¦¿ #ILL_LIKE_IT",,,,
https://x.com/_/status/1720380334611832959,2023/11/03 10:00:09,"Iâ€™LL LIKE IT 2í™” ë¹„í•˜ì¸ë“œ ì‚¬ì§„ì´ ë„ì°©í–ˆìŠµë‹ˆë‹¤ğŸ’Œ

Iâ€™LL LIKE IT - EP.2 Behind Cut
(https://t.co/kLkU8bZRPD) 

#ILLIT #ì•„ì¼ë¦¿ #ILL_LIKE_IT",,,,
https://x.com/_/status/1719308384602878266,2023/10/31 11:00:36,"[Iâ€™LL LIKE IT!] EP.2
Iâ€™LL-IT, ì œì£¼ ì—¬í–‰ ì „ì†ë ¥ìœ¼ë¡œ!
(https://t.co/wRe5BYxnez)

#ILLIT #ì•„ì¼ë¦¿ #ILL_LIKE_IT",,,,
https://x.com/_/status/1717843608148340820,2023/10/27 10:00:06,"ğŸ“ì œì£¼ ë°”ë‹¤ ì•„ì¼ë¦¿ ì²« ì—¬í–‰ì§€! ì œì£¼ ë°”ë‹¤ì—ì„œì˜ ì²­ëŸ‰í•œ ì•„ì¼ë¦¿ğŸ©µ

Iâ€™LL LIKE IT - EP.1 Behind Cut
(https://t.co/eD2WFM6Rdk) 

#ILLIT #ì•„ì¼ë¦¿ #ILL_LIKE_IT",,,,
https://x.com/_/status/1716771574664372248,2023/10/24 11:00:14,"[Iâ€™LL LIKE IT!] EP.1
Iâ€™LL-IT, ì²« ìˆ™ì†Œ ì…ì„±í•˜ëŠ” ë‚ â™¬
(https://t.co/KWHdH05rPI)

#ILLIT #ì•„ì¼ë¦¿ #ILL_LIKE_IT",,,,
https://x.com/_/status/1714234853271708051,2023/10/17 11:00:12,"[Iâ€™LL LIKE IT!] 2nd TEASER
(https://t.co/RPrBnTCRfH)

#ILLIT #ì•„ì¼ë¦¿ #ILL_LIKE_IT",,,,
https://x.com/_/status/1711698160371028360,2023/10/10 11:00:17,"[Iâ€™LL LIKE IT!] TEASER
(https://t.co/awOFd64UL2)

#ILLIT #ì•„ì¼ë¦¿ #ILL_LIKE_IT",,,,
https://x.com/_/status/1710671321422578148,2023/10/07 15:00:00,"HAPPY BIRTHDAY TO MOKA ğŸ‚
ëª¨ì¹´ ìƒì¼ ì¶•í•˜í•´â£

#HAPPY_MOKA_DAY
#ILLIT #ì•„ì¼ë¦¿ #ëª¨ì¹´ #MOKA https://t.co/B09301xlon",https://video.twimg.com/amplify_video/1710478884192636929/vid/avc1/720x1280/xz1t9_DA_axuKLcg.mp4?tag=14,,,
https://x.com/_/status/1710610993926275245,2023/10/07 11:00:17,"ì´ë¡œí•˜ì˜ ë°ë·” ë²„í‚·ë¦¬ìŠ¤íŠ¸ì—ëŠ”.. ìŠ¤í† ë¦¬ë„ ìˆì–´
ìŠ¤í¬ì¼ëŸ¬ : ğŸŒ³ğŸ’â†’ğŸ¦â†’ğŸŒ³(ì˜ìƒ ë³´ì‹œê³  ë§í˜€ì£¼ì„¸ìš”! ã…ã…)

ì´ë¡œí•˜ì˜ ë°ë·” ë²„í‚·ë¦¬ìŠ¤íŠ¸
(https://t.co/5maXHWv1Uu)

#ILLIT #ì•„ì¼ë¦¿ #ì´ë¡œí•˜ #IROHA",,,,
https://x.com/_/status/1710248582471930355,2023/10/06 11:00:11,"ì›í¬ ë²„í‚·ë¦¬ìŠ¤íŠ¸ ë–´ìœ¼ë‹ˆê¹Œ
ì˜¤ëŠ˜ ì§‘ ê°€ì‹œëŠ” ê¸¸ì— ì“°ë ˆê¸° 626ê°œ ì£¼ì›Œì£¼ì„¸ìš”ğŸ˜¼

í–‰ë³µ ì „ë„ì‚¬ ì›í¬ì˜ ë°ë·” ë²„í‚·ë¦¬ìŠ¤íŠ¸
(https://t.co/l1lUbV0xzX)

#ILLIT #ì•„ì¼ë¦¿ #ì›í¬ #WONHEE",,,,
https://x.com/_/status/1709886198548959448,2023/10/05 11:00:12,"ì´ë‹ˆì…œë¡œ ì²´ë¦¬+ê³ ì–‘ì´ ë§Œë“œëŠ” ì²œì¬ğŸ’ğŸ˜½

ì²´ë¦¬ë¡œ ê°€ë“í•œ ì˜ì„œì˜ ë°ë·” ë²„í‚·ë¦¬ìŠ¤íŠ¸
(https://t.co/FzMJ8TqqvN)

#ILLIT #ì•„ì¼ë¦¿ #ì˜ì„œ #YOUNGSEO",,,,
https://x.com/_/status/1709523822502875209,2023/10/04 11:00:15,"â•­ â—œâ— Í¡ â—œâ— Í¡  â—œâ— â•®
        íŒ¬ë¶„ë“¤
   ë§Œë‚˜ê³  ì‹¶ë‹¤..ğŸ€
â•° â—Ÿâ— Íœ  â—Ÿ Íœ   â—Ÿâ— â•¯
         O
      .Â°
ëª¨ì¹´ì˜ ë°ë·” ë²„í‚·ë¦¬ìŠ¤íŠ¸â˜•ï¸
(https://t.co/PJiFFoqzpf)

#ILLIT #ì•„ì¼ë¦¿ #ëª¨ì¹´ #MOKA",,,,
https://x.com/_/status/1709161464718876829,2023/10/03 11:00:22,"ë¯¼ì£¼ë¡œ 2í–‰ì‹œ í•´ë³´ê² ìŠµë‹ˆë‹¤.
ë¯¼ : ë¯¼ì£¼ì•¼
ì£¼ : ì˜í•˜ê³  ìˆì–´ìš”ğŸ’“

ë¯¼ì£¼ì˜ ë°ë·” ë²„í‚·ë¦¬ìŠ¤íŠ¸ğŸ¥ª
(https://t.co/5OguvCGAZg)

#ILLIT #ì•„ì¼ë¦¿ #ë¯¼ì£¼ #MINJU",,,,
https://x.com/_/status/1708799060814217395,2023/10/02 11:00:18,"ìœ¤ì•„ê°€ ë²„í‚·ë¦¬ìŠ¤íŠ¸ ë‹¤ í•´ë³¼ë•Œê¹Œì§€ ìœ¤ì•„ ì‚¬ë‘í•  í”¼ì˜ ì—°í•© ëª¨ì§‘í•©ë‹ˆë‹¤ (1/âˆ)

ë²Œì¨ë¶€í„° íŒ¬ì‚¬ë‘ í˜ëŸ¬ ë„˜ì¹˜ëŠ”
ìœ¤ì•„ì˜ ë°ë·” ë²„í‚·ë¦¬ìŠ¤íŠ¸ğŸˆ
(https://t.co/OTAGPmzOD8)

#ILLIT #ì•„ì¼ë¦¿ #ìœ¤ì•„ #YUNAH",,,,
https://x.com/_/status/1707334378639274375,2023/09/28 10:00:11,"ì•„ì¼ë¦¿ ì¶”ì„ ì½˜í…ì¸  ì‹œì‘, ì—„ì²­ í¬ê²Œ ì‹œì‘, ë¹µë¹ ë ˆ ë¶ˆë©´ì„œ ì‹œì‘, ì¶”ì„ ì¶•ì œ ì‹œì‘, ì¶”ì„ í˜ìŠ¤í‹°ë²Œ ì‹œì‘, ì•„ì¼ë¦¿ ì¶•ë³µ ì‹œì‘, ë…ìˆ˜ë¦¬ íƒ€ê³  ë“±ì¥

ì•„ì¼ë¦¿ì˜ ëŒ€í™˜ì¥ ì†¡í¸ë§Œë“¤ê¸° ë¸Œì´ë¡œê·¸ ì‹œì‘.
(https://t.co/uxUeX1lnIL)

#ILLIT #ì•„ì¼ë¦¿ #í•´í”¼ë©”ë¦¬ì¶”ì„ #ë§ˆì´í˜ì´ë³´ë¦¿ì•„ì¼ë¦¿ #ì¶”ì„ì§„ì§œì‹œì‘",,,,
https://x.com/_/status/1706987078075232451,2023/09/27 11:00:08,"ë§‰ë‚´ë‹µê²Œ êµ´ì–´.ğŸ‘¶

ì¸ìƒ 2íšŒì°¨ ì•„ë‹ì§€ ì˜ì‹¬ë˜ëŠ” ì´ë¡œí•˜ì˜ 50ë¬¸ 50ë‹µ
(https://t.co/0G0VpWY05c)

#ILLIT #ì•„ì¼ë¦¿ #ì´ë¡œí•˜ #IROHA",,,,
https://x.com/_/status/1706624661834825942,2023/09/26 11:00:01,"[ì†ë³´] ì›í¬, ìì‹ ì´ ë™ê·¸ë¼ë¯¸ë¼ëŠ” ê±¸ ë°›ì•„ë“¤ì˜€ë‹¤ê³  ë°í˜€â€¦

ê°€ì˜¤ë¦¬, ê°ì, ê·¸ë¦¬ê³  ë™ê·¸ëŒí¬ 50ë¬¸ 50ë‹µ letâ€™s go
(https://t.co/GHuQP19Obq)

#ILLIT #ì•„ì¼ë¦¿ #ì›í¬ #WONHEE",,,,
https://x.com/_/status/1706262268206588406,2023/09/25 11:00:00,"ëª¨ë‘ê°€ ê¶ê¸ˆí•´í•˜ì…¨ì„ ì˜ì„œì˜ ì†ê°€ë½ ê¸¸ì´! ì—¬ê¸°ì„œ í’€ë¦¬ë‹¤ğŸ“

âœ‹ì™•ì†ì™•ë°œğŸ¦¶ì˜ì„œì˜ 50ë¬¸ 50ë‹µ! Hurry upâ€¦! í™•ì¸í•˜ì„¸ìš”ğŸ˜‰
(https://t.co/gE8VzP7BMg)

#ILLIT #ì•„ì¼ë¦¿ #ì˜ì„œ #YOUNGSEO",,,,
https://x.com/_/status/1705899950293561361,2023/09/24 11:00:16,"ëª¨ë‘ í•˜ë‚˜ ë‘˜ ì…‹ í•˜ë©´ ì™¸ì¹˜ëŠ” ê±°ì˜ˆìš”

í•˜ë‚˜
ë‘˜
ì…‹
ê¹€ëª©í™” ê·€ì—¬ì›Œ!!!!

ë™êµ¬ëŒ ëª¨ì¹´ì˜ 50ë¬¸ 50ë‹µ
(https://t.co/9kgwofwbY7)

#ILLIT #ì•„ì¼ë¦¿ #ëª¨ì¹´ #MOKA",,,,
https://x.com/_/status/1705537543071260953,2023/09/23 11:00:12,"(ì†Œì‹ ë°œì–¸) í‚¤ë§ì€ ë³´ê¸°ì—” ì˜ˆì˜ì§€ë§Œ.. ì“¸ëª¨ëŠ” ì—†ì–ì•„ìš”.

Fë“¤ ìƒì²˜ë°›ëŠ” ì†Œë¦¬ ë“¤ë¦°ë‹¤ëŠ” ë¯¼ì£¼ì˜ 50ë¬¸ 50ë‹µ
(https://t.co/o6BELblLss)

#ILLIT #ì•„ì¼ë¦¿ #ë¯¼ì£¼ #MINJU",,,,
https://x.com/_/status/1705175143344230900,2023/09/22 11:00:09,"[ê³µì§€] ì•„ì¼ë¦¿ ìœ¤ì•„ ì„¤ëª…íšŒ ì§„í–‰ ì•ˆë‚´
ì§€ê¸ˆ ë°”ë¡œ ì•„ë˜ ë§í¬ì—ì„œ ì•„ì¼ë¦¿ ìœ¤ì•„ ì„¤ëª…íšŒê°€ ì§„í–‰ë  ì˜ˆì •ì´ì˜¤ë‹ˆ ë§ì€ ì°¸ì„ ë¶€íƒë“œë¦½ë‹ˆë‹¤.

ì•ˆë…•í•˜ì„¸ì—¬ ìœ¤ì•„ì˜ˆìš”ğŸ†
(https://t.co/BbUyNRzNk6)

#ILLIT #ì•„ì¼ë¦¿ #ìœ¤ì•„ #YUNAH",,,,
https://x.com/_/status/1704450336260280598,2023/09/20 11:00:01,"ì•„ì¼ë¦¿ ë„¤ì»·ì‚¬ì§„ ì œë°œ ì €ìš” ì œê°€ ì•„ë‹ˆë©´ ì•ˆ ë¼ìš”ğŸ™ğŸ™

ëª¨ë“  ì»¨ì…‰ ë‹¤ ë‹´ì€ ë„¤ì»·ì‚¬ì§„ ì´¬ì˜ê¸°ğŸ“·
(https://t.co/yLiawO0NLa)

#ILLIT #ì•„ì¼ë¦¿ #ë­˜ì¢‹ì•„í•˜ì‹¤ì§€ëª°ë¼ì„œ #ì¼ë‹¨ë‹¤ì°ì–´ë´¤ì–´ìš” https://t.co/1nSKvabxWY",https://video.twimg.com/amplify_video/1704080058946895872/vid/avc1/1920x1080/KWeZggRjo8CQx5R3.mp4?tag=16,,,
https://x.com/_/status/1704072852553736373,2023/09/19 10:00:02,"ì´ë¡œí•˜ í™”ë°±ì˜ ì‘í’ˆ ëŒ€ê³µê°œğŸ¨ìì„¸íˆ ë³´ë©´ ë” ê·€ì—¬ì›€( oÌ´Ì¶Ì·Ì¥á·…âŒ“oÌ´Ì¶Ì·á·„ )
(https://t.co/yAfNZaDVVH)

#ILLIT #ì•„ì¼ë¦¿ #ì´ë¡œí•˜ #IROHA https://t.co/nLMFD7WahI",https://pbs.twimg.com/media/F6XL17IagAA3JDO.jpg,,,
https://x.com/_/status/1703710454122766512,2023/09/18 10:00:00,"ì›í¬ì˜ í—˜ë‚œí•œ ë„ë„› ê°€ë£¨ì¿¡ ë„ì „ê¸°ğŸ©
(https://t.co/MP49FjT8MV)

#ILLIT #ì•„ì¼ë¦¿ #ì›í¬ #WONHEE https://t.co/wfFwQNWb1E",https://video.twimg.com/amplify_video/1703602055967834112/vid/avc1/1080x1920/MP3uiWDjft1QR4eZ.mp4?tag=16,,,
https://x.com/_/status/1703348074574479375,2023/09/17 10:00:02,"ì˜ì„œì˜ ì¹œêµ¬ë“¤ì„ ì†Œê°œí•©ë‹ˆë‹¤ğŸ°ê·¼ë° ì´ì œ ì§ì ‘ ë§Œë“ .
(https://t.co/gemul0Gh2P)

#ILLIT #ì•„ì¼ë¦¿ #ì˜ì„œ #YOUNGSEO https://t.co/a94ZvosPjA",https://video.twimg.com/amplify_video/1702670348842319872/vid/avc1/1080x1920/E58r5gA_4IWH-K_J.mp4?tag=16,,,
https://x.com/_/status/1702985679632765117,2023/09/16 10:00:00,"ğŸ°
ğŸ°
ğŸ°
ğŸ°
 l

ëª¨ì¹´ íƒ•í›„ë£¨ ë¬´ë‚˜í•©ë‹ˆë‹¤ğŸ¡
(https://t.co/v6YL2C6Ok1) 

#ILLIT #ì•„ì¼ë¦¿ #ëª¨ì¹´ #MOKA https://t.co/J3BfPBGH8T",https://video.twimg.com/amplify_video/1702545993638838272/vid/avc1/1080x1920/rv7Jdiqpi4mpC1we.mp4?tag=16,,,
https://x.com/_/status/1702623291880718673,2023/09/15 10:00:00,"??? : ê³µí¬ë‚˜ í˜¸ëŸ¬ë¬¼ì„ ì¢‹ì•„í•˜ëŠ” í¸ì´ê±°ë“ ìš” 'â—¡'âœ¿

ë¯¼ì£¼ì˜ ìƒì•  ì²« ê³µí¬VRğŸ˜±
(https://t.co/js5DQuJI2l)

#ILLIT #ì•„ì¼ë¦¿ #ë¯¼ì£¼ #MINJU https://t.co/agbNQdI0JK",https://video.twimg.com/amplify_video/1702536633923629056/vid/avc1/720x1280/63dNDRjkX7gIXjZm.mp4?tag=14,,,
https://x.com/_/status/1702260905093087318,2023/09/14 10:00:00,"ìœ¤ì•„ì˜ íœ´ì¼ğŸ’PCë°© ìœ¤ì•„ ì •ì‹ ì†Œê°œí•©ë‹ˆë‹¤ğŸ³
(https://t.co/QDEgFdUv6Q)

#ILLIT #ì•„ì¼ë¦¿ #ìœ¤ì•„ #YUNAH https://t.co/4nTPvtYIuv",https://video.twimg.com/ext_tw_video/1701937670438694913/pu/vid/avc1/1080x1920/f8HY4dA7fzGoQQkD.mp4?tag=14,,,
https://x.com/_/status/1701928721064845325,2023/09/13 12:00:02,"ì˜ì™¸ë¡œ íŒ¬ë“¤ ê¸° ì‚´ë ¤ì£¼ëŠ” ë²•
: ì˜ˆì˜ê¸°

ğŸ“ì•„ì¼ë¦¿ ì²« í”„ë¡œí•„ ë¹„í•˜ì¸ë“œ
(https://t.co/Ez0Oib4gF1)

#ILLIT #ì•„ì¼ë¦¿ https://t.co/viZJVEkby0",https://video.twimg.com/ext_tw_video/1701873829507960832/pu/vid/avc1/1920x1080/tQrGrq6W1Ood02XZ.mp4?tag=14,,,
https://x.com/_/status/1700057025101828517,2023/09/08 08:02:34,"I'LL-ITÂ WONHEE
#ILLIT #ì•„ì¼ë¦¿Â #ì›í¬ #WONHEE https://t.co/RNlSUaZ8xy",https://pbs.twimg.com/media/F5fJPzlaQAAYbE3.jpg,https://pbs.twimg.com/media/F5fJP2sa0AAtnK8.jpg,https://pbs.twimg.com/media/F5fJP5iaUAAtfLO.jpg,https://pbs.twimg.com/media/F5fJP8SasAAwuEE.jpg
https://x.com/_/status/1700056887398633706,2023/09/08 08:02:02,"I'LL-ITÂ YOUNGSEO
#ILLIT #ì•„ì¼ë¦¿Â #ì˜ì„œ #YOUNGSEO https://t.co/b5QUwXbt52",https://pbs.twimg.com/media/F5fI_ugbEAAKLEy.jpg,https://pbs.twimg.com/media/F5fI_xGaMAAEtQC.jpg,https://pbs.twimg.com/media/F5fI_z6awAAJvFS.jpg,https://pbs.twimg.com/media/F5fI_3EaEAAXsnU.jpg
https://x.com/_/status/1700056750974439819,2023/09/08 08:01:29,"I'LL-ITÂ MOKA
#ILLIT #ì•„ì¼ë¦¿Â #ëª¨ì¹´ #MOKA https://t.co/T9d38XVY0W",https://pbs.twimg.com/media/F5fIteSaQAAUXru.jpg,https://pbs.twimg.com/media/F5fItg1awAAJNxI.jpg,https://pbs.twimg.com/media/F5fItjbboAAhbwW.jpg,https://pbs.twimg.com/media/F5fItmBaQAAZmqr.jpg
https://x.com/_/status/1700056481310323196,2023/09/08 08:00:25,"I'LL-IT YUNAH
#ILLIT #ì•„ì¼ë¦¿ #ìœ¤ì•„ #YUNAH https://t.co/zGgjnDGcYw",https://pbs.twimg.com/media/F5fH7soaEAA_YBo.jpg,https://pbs.twimg.com/media/F5fH-aYaYAEvpd4.jpg,https://pbs.twimg.com/media/F5fIBbAaUAA7F6s.jpg,https://pbs.twimg.com/media/F5fIFsObUAA9yji.jpg
https://x.com/_/status/1699754424552566951,2023/09/07 12:00:09,"I'll MAKE it, Iâ€™LL-IT ì´ë¡œí•˜ì˜ ê¸°ë¡
(https://t.co/SESJZvlkMw)

#ILLIT #ì•„ì¼ë¦¿ #ì´ë¡œí•˜ #IROHA",,,,
https://x.com/_/status/1699723024411570488,2023/09/07 09:55:23,"Iâ€™LL-IT ê³µì‹ ì¸ìŠ¤íƒ€ê·¸ë¨ì— ê²Œì‹œë¬¼ ì—…ë¡œë“œ ì‹œ ê²Œì‹œë¬¼ì´ ì‚­ì œë˜ëŠ” ì˜¤ë¥˜ê°€ ë‚˜íƒ€ë‚˜ê³  ìˆìŠµë‹ˆë‹¤.
ì´ë¡œ ì¸í•´ ì›í¬, ì´ë¡œí•˜ì˜ í”„ë¡œí•„ ì´ë¯¸ì§€ ê³µê°œê°€ ì§€ì—°ë˜ê³  ìˆìŠµë‹ˆë‹¤.
ì˜¤ë¥˜ë¥¼ í•´ê²°í•˜ê¸° ìœ„í•´ ì¸ìŠ¤íƒ€ê·¸ë¨ ì¸¡ê³¼ ì†Œí†µ ì¤‘ì´ë©°, í•´ê²°ë˜ëŠ” ëŒ€ë¡œ ì›í¬, ì´ë¡œí•˜ì˜ í”„ë¡œí•„ ì´ë¯¸ì§€ë¥¼ ì—…ë¡œë“œí•  ì˜ˆì •ì…ë‹ˆë‹¤.",,,,
https://x.com/_/status/1699392020916408500,2023/09/06 12:00:05,"I'll MAKE it, Iâ€™LL-IT ì›í¬ì˜ ê¸°ë¡
(https://t.co/yLuokxqZUg)

#ILLIT #ì•„ì¼ë¦¿ #ì›í¬ #WONHEE",,,,
https://x.com/_/status/1699029636041277865,2023/09/05 12:00:06,"I'll MAKE it, Iâ€™LL-IT ì˜ì„œì˜ ê¸°ë¡
(https://t.co/n2ZVyxFADg)

#ILLIT #ì•„ì¼ë¦¿ #ì˜ì„œ #YOUNGSEO",,,,
https://x.com/_/status/1698667255176073336,2023/09/04 12:00:08,"I'll MAKE it, Iâ€™LL-IT ëª¨ì¹´ì˜ ê¸°ë¡
(https://t.co/rIfNrb14Ru)

#ILLIT #ì•„ì¼ë¦¿ #ëª¨ì¹´ #MOKA",,,,
https://x.com/_/status/1698304860368847174,2023/09/03 12:00:06,"I'll MAKE it, Iâ€™LL-IT ë¯¼ì£¼ì˜ ê¸°ë¡
(https://t.co/8asOFfeOGc)

#ILLIT #ì•„ì¼ë¦¿ #ë¯¼ì£¼ #MINJU",,,,
https://x.com/_/status/1697942482020143277,2023/09/02 12:00:08,"I'll MAKE it, Iâ€™LL-IT ìœ¤ì•„ì˜ ê¸°ë¡
(https://t.co/VutOWvIslE)

#ILLIT #ì•„ì¼ë¦¿ #ìœ¤ì•„ #YUNAH",,,,
https://x.com/_/status/1697806803277676574,2023/09/02 03:01:00,"[NOTICE] ì•„ì¼ë¦¿(Iâ€™LL-IT) ìœ„ë²„ìŠ¤ ì˜¤í”ˆ ë° ì´ìš© ì•ˆë‚´ (+ENG/JPN)
https://t.co/HSSy5nZqS8",,,,
https://x.com/_/status/1697806559546372419,2023/09/02 03:00:02,"ì•„ì¼ë¦¿ (Iâ€™LL-IT) ê³µì‹ ì±„ë„ ì˜¤í”ˆ
Iâ€™LL-IT Official Channel Open

Member Twitter: https://t.co/LDpXyXFRYi
Facebook : https://t.co/xnHUBgknFy
Instagram: https://t.co/pSGSXp3GMM
Youtube: https://t.co/4SFdTQU0HH
TikTok: https://t.co/k16QDh1QIm",,,,